,Title,Context,Unnamed: 2,Length,Category,Countries mentioned,Top5-Hot-Words,Organizations,URL,Release Date
4,与美国谈判“自由联系条约” 帕劳将获双倍援助,【南太之声编译报道】帕劳总统惠普斯（Surangel Whipps Jr）近日公布了根据该国与美国重新谈判的“自由联系条约”条款而制定的新经济方案的一些细节。新西兰RNZ5月1日报道，惠普斯说，美国承诺的总金额比最初提出的价格高出一倍多。在上周的国情咨文中，惠普斯表示，他们希望在下个月签署一项协议。据报道，惠普斯在国会表示:“我们预计在下个月将签署一项契约协议，承认帕劳人民作为一个主权国家的价值，以及我们为全球舞台带来的价值。”他说:“新协议包括在谈判的基础上继续提供援助的条款。这意味着至少在未来20年内，我们不必完全依赖信托基金。”一揽子计划包括每年500万美元用于基础设施建设，另外每年500万美元用于维护。美国还承诺提供为期六年的资金，每年1000万美元，用于偿还帕劳与新冠病毒有关的大部分贷款，并为契约信托基金提供1亿美元，以保持其（经济）增长。该契约的经济条款将于明年到期，但美国和帕劳的谈判代表同意提前一年更新这些条款。至于国家经济，惠普斯表达了对复苏的信心。“2022年，我们的表现比最初预期的要好，尽管旅游业没有像我们希望的那样迅速反弹。但我们对社区的需求做出了迅速的反应，让资金在社区中流动。”,,509,其他,美国 新西兰 帕劳,美国 帕劳 惠普斯 谈判 条款 ,信托基金 亚太计划,"http://mp.weixin.qq.com/s?__biz=MjM5NjM1OTI1Nw==&mid=2649228884&idx=4&sn=4c05d5823b6b56ce71bf24a6c993892e&chksm=bef6db6289815274ee96cdb85656c252987509fda08e9840132765a9029dbfcd25750659a705#rd,1683350860
",2023.5.7
9,巴新将在中国设立贸易委员会 总部选在上海,【南太之声编译报道】巴布亚新几内亚国际贸易和投资部长玛卢（Richard Maru）近日表示，中国将是巴布亚新几内亚设立贸易代表团的八个国家之一。巴新《国民报》5月4日报道，玛卢在政府决定建立国家贸易委员会服务之后做出了这一决定。他说:“我们的贸易代表将在外国使团内拥有自己的机构或独立办事处，或者任命巴新贸易专员和世界各地的名誉贸易专员。”玛卢表示，贸易专员的主要职责是为巴新商品寻找出口（市场），促进贸易和投资机会，特别是外国直接投资。“其中一个主要优先事项是吸引投资者投资我们的经济特区，以及与中国和印度尼西亚等国家的自由贸易谈判。”首批成立的8个贸易委员会包括：中国上海、澳大利亚布里斯班、泰国曼谷、印尼雅加达、欧盟总部所在地布鲁塞尔、阿联酋迪拜、菲律宾马尼拉和新加坡。玛卢补充说:“就优先事项而言，我们希望在上海建立第一个贸易委员会。这是我们的首要任务，因为中国现在提出购买我们所有的液化天然气和其他资源产品，以及鱼、原木和其他商品。”他指出，“中国有能力购买我们所有的商品，这一点在我们之间的多次讨论中都有表述。一些国有企业已表示有兴趣为一些贸易委员会提供资金。”玛卢还表示，国际贸易和投资部将很快发布广告，招聘所有8个贸易代表团的贸易专员职位。“该部门正在寻找素质非常高的巴新人，他们有丰富的商业背景，至少拥有硕士学位，有很强的学术背景和工作经验，能够与企业界合作，推动巴新的贸易议程，确保出口市场和吸引外国直接投资。”,,617,其他,巴布亚新几内亚 中国 澳大利亚 泰国 印尼 欧盟 阿联酋 菲律宾 新加坡,贸易 中国 巴新 委员会 投资 ,巴新国际贸易和投资部,"http://mp.weixin.qq.com/s?__biz=MjM5NjM1OTI1Nw==&mid=2649228857&idx=3&sn=b1f2a0d49b5bd8c60872949064d0daf6&chksm=bef6db0f898152190d2fc3e009e2edda1b6ea0256589672244da96b263119064d631fbea4e0d#rd,1683278803
",2023.5.3
15,太平洋地区组织与该国签了价值千万元的气候合同,【南太之声编译报道】太平洋共同体（SPC）近日和新西兰签署了一项新协议，以促进太平洋地区的气候行动。太平洋共同体官网24日报道，新西兰副总理塞普洛尼（Carmel Sepuloni）在宣布这一新的伙伴关系时表示:“面对气候变化对我们地区不断升级的影响，我们必须团结起来，加快行动，在世界上最脆弱的地区之一提升复原力。这就是为什么新西兰承诺向SPC的气候变化旗舰计划提供3000万新西兰元（约合1840万美元），以扩大和加强其在蓝色太平洋大陆的气候工作。”SPC气候变化和环境可持续性主任帕斯丝（Coral Pasisi）说：“SPC的气候变化旗舰计划将支持太平洋岛屿国家和地区加强其可持续气候行动的努力。旗舰计划采用循证的决策方法，集中服务和能力帮助这些国家实现其低碳和气候适应型可持续发展目标。气候变化旗舰计划将为太平洋国家和地区提供更多的气候融资渠道。它还将提供综合能力和改进的数据，以支持气候行动。”SPC波利尼西亚区域主任塔戈（Leituala Kuiniselani Toelupe Tago）感谢新西兰对SPC旗舰气候变化计划的重大投资。,,475,其他,新西兰 波利尼西亚,气候 太平洋 地区 SPC 变化 ,太平洋共同体（SPC）,"http://mp.weixin.qq.com/s?__biz=MjM5NjM1OTI1Nw==&mid=2649228818&idx=4&sn=268439de57e31adabb7ea47d3d43060d&chksm=bef6db2489815232ea80514060fc56546d156baa15f59289e15d3c637a01b8569f7c68cb21b3#rd,1682890995
",2023.4.29
17,太平洋运动会加速筹备中 澳大利亚援助引发多重质疑,【南太之声编译报道】Devpolicy Blog21日援引澳大利亚国立大学克劳福德公共政策学院发展政策中心主任、经济学教授豪斯（Stephen Howes）刊发在洛伊国际政策研究所的文章。文章摘编如下：2023年太平洋运动会将于今年年底在所罗门群岛举行。澳大利亚国际发展和太平洋事务部长康罗伊（Pat Conroy）在2022年8月访问霍尼亚拉期间宣布，澳大利亚将为运动会提供1700万澳元的支持。这花了三个月的时间，澳大利亚外交贸易部最终在回答2022年11月参议院预算听证会上确认，1700万澳元将从澳大利亚对所罗门群岛的双边援助预算（预计2022至2023财年为1.03亿澳元）中提取。具体援助资金包括：·所罗门群岛运动会组委会5个职位和所罗门群岛国家体育委员会2个职位；·整修霍尼亚拉6所学校的宿舍，供来访的运动员和官员住宿；·为所罗门群岛国家体育学院提供运动器材，以协助所罗门群岛运动员；·设置临时海洋中心，将用作开放水上运动项目的场地。将超过16%的双边援助和超过10%的澳大利亚对所罗门群岛总援助分配给太平洋运动会的决定引发了几个问题。首先，它违反了官方援助或官方发展援助（ODA）规则。ODA“规则手册”的相关章节——经合组织发展援助委员会的统计指令（2021年）指出，“艺术、音乐和体育赛事”的支出应被排除在外。外交贸易部办公室告诉我，“根据经合组织发展援助委员会的指导方针对资金进行了官方发展援助资格评估，符合本办公室的要求”。以下是外交贸易部提供的理由，说明为什么这种援助符合ODA条件:这笔资金将用于一些活动，这些活动不仅有利于运动会，还将带来长期的社会发展效益，包括为所罗门群岛的年轻人带来好处。不幸的是——尽管外交贸易部缺乏援助透明度，我无法获得澳大利亚具体援助的细节（这并不奇怪），但在我看来，翻修宿舍和提供运动器材可以被接纳为符合ODA，但考虑到时间，组织职位和设置临时海洋中心显然不符合条件。鉴于澳大利亚政府对基于规则的国际秩序的重视，这种做法被视为遵守经合组织的援助规则，也符合澳大利亚的利益。接下来是优先事项的问题。外交贸易部也在这一点上做出了回应，指出这笔资金是应霍尼亚拉的直接请求提供的，并说“澳大利亚支持太平洋运动会，因为它是所罗门群岛的优先事项，也是太平洋大家庭的重要活动”。但在所罗门群岛和太平洋以外也有大量和迫切的需要。世界粮食计划署近日表示，它将不得不将生活在孟加拉国难民营的100万罗兴亚难民的口粮从每人每月12美元减少到每人每月10美元。澳大利亚人将向太平洋运动会提供的1700万澳元本可以帮助100万难民避免8个月的口粮削减。,,1092,其他,澳大利亚 所罗门群岛 霍尼亚拉 经合组织 孟加拉国,援助 澳大利亚 所罗门 群岛 太平洋 ,组织或计划经合组织发展援助委员会 世界粮食计划署 洛伊国际政策研究所 太平洋运动会 所罗门群岛国家体育委员会 所罗门群岛国家体育学院。,"http://mp.weixin.qq.com/s?__biz=MjM5NjM1OTI1Nw==&mid=2649228818&idx=6&sn=03f54646534738ebd4112356276bb9a2&chksm=bef6db24898152326e38641310fd700adf5f8dbb09c8dce2e62164e0f8064a0c6133768c9c8f#rd,1682890995
",2023.4.27
20,第187届海洋与气候在线论坛召开 继续关注厄尔尼诺现象,【南太之声编译报道】近日，在瓦努阿图召开的第187届海洋与气候在线论坛(OCOF)上，厄尔尼诺-南方涛动(ENSO)的现状是讨论议程上的主题之一。太平洋区域环境规划署网18日报道，澳大利亚气象局证实，虽然他们发布了厄尔尼诺观察，但目前的ENSO状态仍然是中性的，这意味着它既不是拉尼娜也不是厄尔尼诺。然而，该局正在观察一些指标，这些指标表明厄尔尼诺现象可能会发展，有50%的几率会在2023年年中发生。太平洋地区在过去三年经历了拉尼娜现象。当被问及这是否是一种异常现象时，澳大利亚气象局的比尔德（Grant Beard）说，这并不一定是一种异常现象。“随着气候变化，我们将看到厄尔尼诺等现象的影响在整个地区被放大。在厄尔尼诺期间通常干燥的地区将变得更加干燥，更容易受到干旱的影响。”该国气象局会密切留意有关情况及其发展，并会在每月的OCOF以及将于今年4月及10月举行的太平洋岛屿气候展望论坛期间，向太平洋气象局通报有关情况。OCOF为太平洋地区的各国气象服务局提供一个平台，利用不同的预报平台进行季节预报。这项功能过去主要由太平洋以外的机构完成，例如新西兰国家水和大气研究所、澳大利亚气象局和美国国家海洋和大气管理局。OCOF由太平洋区域环境规划署在每月第三周举行。12个太平洋岛国参加了会议，并得到了气象局和太平洋共同体(SPC)的支持。,,571,其他,澳大利亚 新西兰 瓦努阿图 美国,太平洋 厄尔尼诺 现象 气象局 气候 ,太平洋区域环境规划署 澳大利亚气象局 新西兰国家水和大气研究所 美国国家海洋和大气管理局 太平洋共同体,"http://mp.weixin.qq.com/s?__biz=MjM5NjM1OTI1Nw==&mid=2649228791&idx=3&sn=5e511ba35e023cbe892ec167df25c08e&chksm=bef6d8c1898151d78ff43c1b23b3de9aa732a30c6296654712423f0f56988453c9af1c98ef8f#rd,1682667165
",2023.4.25
21,瓦国开发的首个监测岛国气候变化的APP上线,【南太之声编译报道】瓦努阿图目前正在测试一项突破性的应用程序（APP）——瓦努阿图气候观察（Vanuatu Climate Watch APP），希望为太平洋岛国面临的数据收集挑战提供解决方案，特别是关于物种以及它们如何与气候相互作用，如何成为气候的传统知识指标。太平洋区域环境秘书处（SPREP）网站18日报道，瓦努阿图的VanKIRAP项目与澳大利亚地球观察组织、澳大利亚气象局和太平洋气候与海洋支持计划（COSPPac）合作，开发了一款移动应用程序，作为应对这些挑战的潜在解决方案。在维拉港举行的咨询研讨会上，来自澳大利亚气象局的钱伯斯（Lynda Chambers）向瓦努阿图气象和地质灾害部门以及其他政府部门（如保护和林业部）的与会者介绍了这款应用程序。该应用程序的用户将能够通过上传他们遇到的物种的照片来进行观察，这些照片已经被编入应用程序中，并定位照片的拍摄地点。这款APP也是一项公民科学倡议，这意味着它以一种有意义的方式让公众与社区参与进来，从而以更低的成本在更多的地点收集更多的数据。APP将具备离线功能，这样人们仍然可以在很少有或没有信号覆盖的地区记录他们的观察结果。他们的记录将被保存下来，一旦他们到达有信号的地区，这些观察结果将上传。瓦努阿图环境保护和自然保护部主任提沃克（Touasi Tiwok）对这一举措表示赞赏，称该应用程序将极大地帮助瓦努阿图做好应对自然灾害的准备。瓦努阿图气候观察APP将可在苹果和安卓手机上下载，目前有英文版本，并计划开发比斯拉马语（瓦国官方语言之一）版本。,,657,其他,瓦努阿图 澳大利亚 太平洋区域,瓦努阿图 气候 APP 应用 程序 ,SPREP，VanKIRAP项目，澳大利亚地球观察组织，澳大利亚气象局，COSPPac，联合国,"http://mp.weixin.qq.com/s?__biz=MjM5NjM1OTI1Nw==&mid=2649228791&idx=4&sn=e8f118be31af6e7776e75b8c32285e53&chksm=bef6d8c1898151d748765853c603db1cc115fce9d295ccab332de15c24876f07bce4c8e7d838#rd,1682667165
",2023.4.23
23,“正经历30年来最具挑战的时刻” 巴新将实施13年预算修复计划,【南太之声编译报道】巴布亚新几内亚财长斯塔基（Ian Ling-Stuckey）近日表示，巴新目前坚持量入为出的政策，政府有一个为期13年的预算修复计划。巴新《国民报》18日报道，斯塔基说：“现实是政府正在经历几十年来最具挑战性的经济时期，我们每年减少10亿基那（约合2.84亿美元）的预算赤字，并有望在2027年实现预算盈余，这将是我们停止承担新债务的时候。然后，我们可以选择在2034年前偿还所有债务，包括国际货币基金组织的所有贷款和其他双边支持（的贷款）。斯塔基指出，“这个预算计划是负责任的。所有国际专家均表示，如果我们坚持13年的预算修复计划，我们的债务水平是可持续的。制定这样一个明智而全面的计划，是巴新经济管理改善的又一迹象。呼吁国际社会支持以可持续和负责任的方式实施该计划是经济管理得到改善的另一迹象。他补充说：“世界银行认为，2020年和2023年是过去30年中全球经济发展最糟糕三年中的两个年份。我们在准备2023年预算案时就预料到了全球经济低迷的影响。但没有提到的是，最新预测巴新国内生产总值的增长为3.7%，是世界银行估计的全球平均水平1.7%的两倍多。”斯塔基表示，政府理解家庭面临的生活成本压力。“我们通过削减燃油税、所得税和支付学校项目费用，为家庭提供了11.78亿基那（约合3.35亿美元）的生活费支持。”,,569,其他,巴布亚新几内亚 美国,预算 计划 巴新 经济 斯塔基 ,国际货币基金组织 世界银行,"http://mp.weixin.qq.com/s?__biz=MjM5NjM1OTI1Nw==&mid=2649228791&idx=6&sn=f81a35352c313de2a3343a6e16a15173&chksm=bef6d8c1898151d74dbe1937c2f4984fc42e3ed8e86cb2abd3281ebe735d495eebac0e8061c0#rd,1682667165
",2023.4.23
30,故障排除 南太平洋银行所有服务已恢复,【南太之声编译报道】南太平洋银行金融集团有限公司（BSP）12日表示，银行所有服务已完全恢复。巴新《国民报》报道，该银行在当地时间11日凌晨3时左右向客户发出的短信中表示，所有服务已恢复。“所有BSP银行服务现在都可以使用。正确的账户可用余额现在能显示了，”BSP在消息中说。然而，客户在白天无法访问网上银行服务，这促使BSP发送另一条消息，通知他们该服务不可用。据了解，根据银行的通知，该服务于11日下午晚些时候恢复。BSP10日在一份声明中表示，其手机银行和互联网服务已停止。据BSP称，该银行在复活节周末期间试行了“新银行系统”，期间发生了一个技术错误，导致部分服务中断。BSP告知客户，由于技术错误，部分客户的余额显示错误。该行还补充称，它没有向任何账户扣除或存入任何额外资金，正在解决技术问题。此外，自6日起进行的所有交易均已处理完毕，已透支帐户的客户将被要求向BSP偿还。,,392,其他,巴新 南太,银行 服务 BSP 所有 客户 ,南太平洋银行金融集团有限公司（BSP）,"http://mp.weixin.qq.com/s?__biz=MjM5NjM1OTI1Nw==&mid=2649228732&idx=6&sn=ed64a6693b5f709bbfdb62f606a7f86d&chksm=bef6d88a8981519c3f427cefb33e18c27f16f559ccc7b4c30f86f068fe9019404c42c9a969df#rd,1682238006
",2023.4.16
37,所国：将共享太平洋运动会转播权，而非指定单一公司,【南太之声编译报道】2023年所罗门群岛太平洋运动会的转播权将集中在成员国，而不是单个公司。新西兰RNZ网站11日报道，太平洋运动会理事会秘书长米诺哥（Andrew Minogue）表示，太平洋运动会组委会将制作节目，并让选定的广播公司在各自国家共享。米诺哥透露:“我们基本上确定了一种模式，就像我们在往届运动会上采用的传统模式一样，组委会将在内部把所有内容整合在一起，然后与不同地区的广播公司签约，例如，斐济电视台或法国属地的法国电视台。所以，他们会把所有的资源聚集在一起，然后进行后期转播。他们不会把内容外包给另一家公司，他们会用自己的专业知识来做，因为他们内部有一些非常优秀的人以前做过这类工作。”另外，米诺哥表示:“转播权问题是由理事会决定的。”他们与组委会一起制定转播计划并组织投标过程。“转播权最终归太平洋运动会理事会所有。就像我们拥有运动会一样，我们也拥有转播权，”米诺哥说。他还补充说：“组委会在如何提供东道主转播服务方面提出了一个东道主转播计划，他们将在我们的支持下有效地做到这一点。他们将和东道主转播组织和其他可能为制作做出贡献的地区广播公司签发合同。”,,487,其他,新西兰  法国,运动会 公司 太平洋 转播权 转播 ,所罗门群岛太平洋运动会理事会,"http://mp.weixin.qq.com/s?__biz=MjM5NjM1OTI1Nw==&mid=2649228664&idx=1&sn=6f42baf7e3ac52f1acd052bfa0d0b52b&chksm=bef6d84e898151587182e11c23a7491328fb19793f5ca404cd42997a53d6e6e43e8c698c1ba7#rd,1681973309
",2023.4.9
45,向净零过渡就看这十年？世界气象组织发话了,【南太之声编译报道】世界气象组织（WMO）3日表示，全球向可再生能源的过渡将需要在综合天气和气候服务方面加大投资。太平洋岛屿新闻协会网报道，WMO表示，这一投资至关重要，包括确保能源基础设施能够抵御与气候相关的冲击，并能利用太阳能和风能等所产生的能源进行发电。在这方面，该组织正在加紧开展活动，推广有针对性的天气和气候信息及预报，以支持到2050年前从污染严重的化石燃料转向“绿色”能源。最近的一份出版物包含了全球综合天气和气候服务的指导方针和最佳范例。气象组织秘书长塔拉斯（Petteri Taalas）指出，“它为能源向净零过渡的关键十年提供了及时的支持。”他补充说:“通过使WMO成员及其国家气象和水文部门，以及能源部门公司和从业人员能够提供和使用综合天气和气候服务，可以及时有效地实现人人享有清洁和可持续能源的国家战略。”该出版物汇集了近50位作者的专业知识，由WMO综合能源服务研究小组协调。WMO指出，政府间气候变化专门委员会（IPCC）?最近报告称，过去十年比12.5万年前以来的任何时期都要温暖，而且由于不可持续地使用资源，全球温室气体排放量在上个世纪继续增加。该机构表示，约73%的排放是来自能源部门，这强调了“深入而迅速的能源转型”的必要性，并做到既减少排放，也能满足日益增长的能源需求。,,554,其他,Not mentioned,能源 气候 WMO 气象 组织 ,政府间气候变化专门委员会（IPCC）世界气象组织（WMO）,"http://mp.weixin.qq.com/s?__biz=MjM5NjM1OTI1Nw==&mid=2649228621&idx=2&sn=88afd4f195ba909841bb1bd5be8ddd08&chksm=bef6d87b8981516dfd1a484201127000f983743923deaf2d980c5c6e5cbe8f55a1dfdb929ae0#rd,1681463399
",2023.4.5
51,商机遍地但成本高 巴新财长：要攻克这些难关,【南太之声编译报道】巴布亚新几内亚财政部长斯塔基（Ian Ling-Stuckey）近日承认，在巴新做生意的成本很高，“但机会也很多”。巴新《国民报》3月27日报道，斯塔基是在回答媒体关于为什么做生意的成本高，政府能否一次性解决外汇的问题。他说:“巴新的成本确实比许多其他国家高，但机会也多。强大的商业机会意味着可以在支付高成本的同时获得良好的利润。为什么太高了？巴新的地理位置增加了成本。”他指出，“崎岖的山脉、众多的岛屿、强降雨都使道路昂贵且难以维护，使产品难以从农场运往市场，尤其是国际市场。”他补充说：“还有一些问题，比如没有足够的竞争来保持低价。同时一些国有企业效率低下。有时候，政府试图去做一些最好留给私营部门的事情。另外还有腐败问题。政府正在努力解决这些问题。”他说，最新的商业优势100名首席执行官（Business Advantage100CEO）调查显示，企业认为巴新的环境有利于开展业务。“从他们对利润、投资和更多就业的乐观前景来看，这一点非常明显。企业最终都是为了盈利，对许多人来说，是为了支持更广泛的社区。”斯塔基表示，政府正在努力寻找解决外汇短缺的长期方案。企业表示，外汇短缺是在巴新开展业务的最大障碍。（周晓编译）,,522,其他,巴布亚新几内亚,巴新 成本 政府 问题 企业 ,联合国 亚太经合组织 世界贸易组织 世界银行 国际货币基金组织。,"http://mp.weixin.qq.com/s?__biz=MjM5NjM1OTI1Nw==&mid=2649228581&idx=3&sn=e9fb36e6c6aa5971530dbf8eba995cd4&chksm=bef6d81389815105e1566f09e41efbc785216ca4e26f3ef8decf6114e20f722e6b82d1cc1109#rd,1680935078
",2023.4.1
70,天然气不能停！未来20年，巴新经济就靠它了,【南太之声编译报道】巴布亚新几内亚石油和能源部长库阿（Kerenga Kua）近日表示，巴新液化天然气项目将在未来20至25年的生产周期中带来750亿基那（约合213.04亿美元）的收入。巴新《国民报》13日报道，库阿表示，宣布启动前端工程设计（Feed）对苦苦挣扎的巴新经济来说是个好消息。“我们还没有颁发开发许可证，但我们会的，我们需要巴新民众和所有利益相关者的支持。”他继续指出，“巴新及其利益相关者将能够在整个项目的生产周期中获得大约750亿基那，这是一大笔钱。”他强调，“该项目预计将在20至25年内产生效益，届时我们将从该项目中获得巨大收益。你可以把它分摊到20年，期间你会看到我们每年会获得多少收益。这些收益包括国家获得的，通过Kumul石油控股有限公司（KPHL）获得的，以及国家直接征收的，土地所有者的特许权使用费，省级政府的，我们所有人的加在一起，将在未来20年左右的时间里收集和共享。”据了解，开发项目的预计成本（或资本支出）为100亿美元，预计在项目生产周期内产生的成本毛收入约为618亿美元。合资企业和国家的项目现金流净额分别为225亿美元和64亿美元。,,490,其他,巴布亚新几内亚 美国,项目 巴新 美元 获得 未来 ,Kumul石油控股有限公司（KPHL）,"http://mp.weixin.qq.com/s?__biz=MjM5NjM1OTI1Nw==&mid=2649228510&idx=4&sn=5d9a8b97072e8a145cedf35c82438e69&chksm=bef6d9e8898150fe50f10f19ed4f5b89d6756c08b34dc1f35c2e0b9fd29c3523465ca26c73ba#rd,1680258645
",2023.3.21
71,继续增加内阁成员名额！巴新官方又发话了,【南太之声编译报道】巴布亚新几内亚政府在从14日开始的为期两周的议会会议上，通过修改《2002年总理及国家行政委员会法》以扩大现有33名内阁成员的规模。巴新《国民报》报道，政府事务负责人佩塔（Rainbo Paita）表示，议会的主要议程包括对《监察员委员会法案》的讨论和对《总理和国家行政委员会法》的修正。议会还于15日为总督达达埃爵士（Sir Bob Dadae）举行连任宣誓仪式。另外，佩塔表示总理马拉佩（Marape）已经指示所有部长提交所在部门或机构的年度报告。因此，预计会有很多部长声明。他说，财长斯塔基（Ian Ling-Stuckey）预计将发表“经济状况”讲话，其中包括关于Puma能源公司和巴新银行问题的最新进展。他说:“其他部长也将发表声明，说明他们的机构和部门在过去一年的表现，以便向议会和全国通报情况。”此外，佩塔表示，增加内阁人量是由于工作量的增加。,,389,其他,巴布亚新几内亚 新几内亚,议会 增加 内阁 巴新 总理 ,联合国 亚太经合组织 世界银行 国际货币基金组织 世界贸易组织 联合国开发计划署 联合国教科文组织 联合国粮食及农业组织 联合国环境规划署 联合国难民署 联合国儿童基金会 联合国人口基金会 联合国犯罪及司法署 联合国经济及社会理事会 联合国人权理事会 联合国安全理事会 联合国教育 科学及文化组织 联合国贸易及发展会议 联合国工业发展组织 联合国粮农组织 联合国经济及社会文化组织 联合国贸易及发展会议 联合国经济及社会理事会 联合国人权理事会 联合国安全理事会 联合国教育 科学及文化组织 联合国贸易及发展会议 联合国工业发展组织 联合国粮农组织 联合国经济及社会文化组织 联合国贸易及发展会议 联合国经济及社会理事会 联合国人权理事会 联合国安全理事会 联合国教育 科学及文化组织 联合国贸易及发展会议 联合国工业发展组织 联合国粮农组织 联合国经济及社会文化组织 联合国贸易及发展会议 联合国经济及社会理事会 联合国人权理事会 联合国安全理事会 联合国教育 科学及文化组织 联合国贸易及发展会议 联合国工业发展组织 联,"http://mp.weixin.qq.com/s?__biz=MjM5NjM1OTI1Nw==&mid=2649228510&idx=5&sn=1a8d1f46ed8dc2fc1c3e08361b421c4a&chksm=bef6d9e8898150fe90af7affc172a9db39814ce5b08e32d8863e4b9544d1d3c95051e2203e88#rd,1680258645
",2023.3.20
75,追加拨款！瓦国选区这次有福了,图为瓦努阿图议会议员现在将获得更多的资金以满足其选民的需求。（图/《瓦国日报》网站截图）【南太之声编译报道】瓦努阿图议会议员现在将获得更多的资金以满足其选民的需求。《瓦国日报》11日报道，议员现在将有权获得500万瓦图（约合4.23万美元）作为他们的议会议员分配基金。这是在前几年议员获得300万瓦图（约合2.54万美元）拨款的基础上，又增加了200万瓦图（约合1.69万美元）。总理卡尔萨考（Ishmael Kalsakau）提出的《2023年议员开支和津贴修正法案》在2023年第一次特别会议期间得到了51名议员的一致投票支持。增加拨款是由于选区的需要和议员遇到了困难。2023年部长级预算委员会也审议并批准了增加拨款，以便议员们能够获得并为其选区服务。为了确保问责制，议会还将提交另一项法案，以修订《领导准则》。这将要求议员每年报告并证明他们在选区内合理公平地使用拨款。如果不报告开支情况，将被追究违反《领导准则》的责任。Tanna议员纳普阿特（Andrew Napuat）提醒议员们，拨款基金不是为他们而设，而是为他们选区的民众而设。增加拨款将确保议员们能够更好地为他们的选民服务，满足他们的需求。,,503,其他,瓦努阿图,议员 拨款 选区 获得 议会 ,,"http://mp.weixin.qq.com/s?__biz=MjM5NjM1OTI1Nw==&mid=2649228439&idx=2&sn=b11234fbb81214669b75afc47f676a91&chksm=bef6d9a1898150b797d33cabd26ae7a445a2ea8eba37db36f5b9ec4fdcc6afe6f49634df1fa6#rd,1679731520
",2023.3.17
86,登革热、疟疾……蚊媒疾病为何在太平洋广泛传播？,【南太之声编译报道】气候变化预测者多年来一直警告说，气候危机造成的更温暖、更潮湿的世界将导致疟疾和登革热等蚊媒疾病的激增。如今在太平洋岛屿上，这样的预测正在成为现实。太平洋岛屿新闻协会网2月28日报道，世界卫生组织的疾病监测显示，所罗门群岛的疟疾病例在2015年至2021年间上升了40%，巴布亚新几内亚的疟疾发病率在同一时期也上升了5%，相关死亡人数增加了25%。“我们非常担心蚊媒疾病的传播，因为它们是严重的公共卫生问题。登革热引起越来越多的关注，因为它可能导致登革出血热，从而导致死亡。此外，寨卡病毒最近也出现了。有证据表明它可以导致婴儿产生先天性缺陷，”太平洋共同体斐济公共卫生机构高级流行病学家萨科塔（Salanieta Saketa）指出。萨科塔补充说：“气候变化是一个重要因素。事实已经证明，蚊媒疾病是对气候非常敏感的疾病。这是我们在该地区看到的情况；它们在灾难、飓风和气温上升之后出现。”澳大利亚凯恩斯的詹姆斯·库克大学热带健康与医学研究所的教授伯克特（Tom Burkot）认为，现在采取行动至关重要。“如果我们只是维持现状，太平洋地区蚊媒疾病的爆发可能会更加频繁，数量也会更多。为了防止这种情况发生，我们需要投资于新的战略，以控制蚊子，并治疗或预防人类感染，”伯克特说，他正在领导太平洋岛国与卫生研究机构之间的国际合作伙伴关系，以寻找对抗这些疾病的新方法。,,588,其他,所罗门群岛 巴布亚新几内亚 澳大利亚 凯恩斯,疾病 太平洋 蚊媒 疟疾 气候 ,世界卫生组织 太平洋共同体 詹姆斯·库克大学热带健康与医学研究所 太平洋岛国与卫生研究机构之间的国际合作伙伴关系,"http://mp.weixin.qq.com/s?__biz=MjM5NjM1OTI1Nw==&mid=2649228348&idx=2&sn=d2c6a0b7bb37bd58b725abfad545678a&chksm=bef6d90a8981501cba59e71c8e7407029a4ddefe8481894de5cd8c7601a022877fa52398dea8#rd,1679115291
",2023.3.9
87,今年太平洋经济恢复前景如何？世行发布最新调查研究,【南太之声编译报道】世界银行（World Bank）2月28日发布的最新经济报告对太平洋经济体进行了深入研究。世行表示，在经历了近三年的经济收缩后，尽管仍面临挑战，太平洋经济体有望在今年恢复增长。今年所有太平洋国家都将出现经济增长世界银行官网报道，尽管预计经济复苏将持续，但财政收支平衡、债务可持续性和通货膨胀仍将是令人担忧的问题。太平洋国家将需要考虑改革和政策，以促进公平增长和可持续投资，同时在支持生计和减少未来公共债务风险之间取得谨慎的平衡。世行当日在斐济苏瓦发布的首份《太平洋经济最新报告》中详细阐述了上述展望，这是一份对11个太平洋岛国经济体的全面评估和前瞻性预测。尽管预计所有太平洋国家的国内生产总值（GDP）在2023年都将增长，在旅游业复苏的支持下，帕劳等一些国家的GDP将出现更大的反弹，增长约18%。其他国家，如所罗门群岛，预计将增长较慢，增幅约为2.3%。新冠疫情对经济的影响持续存在世行太平洋地区首席经济学家古尔德（David Gould）表示:“在2019年遭受疫情的严重打击后，2022年出现了不温不火的复苏迹象，太平洋经济体有望在2023年实现增长，但对许多人来说，他们不会觉得回到了疫情前的时代。例如，斐济在经历了三年的经济收缩后，预计2022年的增长率已攀升至15%，但在2024年之前，产出预计仍将低于2019年的水平。”太平洋地区受到俄乌冲突的影响报告指出，俄乌冲突对全球经济造成的严重影响导致太平洋经济体的增长低于预期。报告还预计，通胀压力将在2023年上半年达到峰值，除萨摩亚外的每个太平洋岛国的消费价格都将下降，萨摩亚的通胀率可能在今年下半年达到12%，然后在2024年下降。政策制定者应促进经济可持续增长“疫情缓解措施导致太平洋各国政府扩大了支出。为了降低陷入有问题的债务状况的可能性，太平洋各国政府现在应该考虑如何合理地降低成本，并开始负责任地放开疫情期间的支持。”,,807,其他, 帕劳 所罗门群岛 萨摩亚,太平洋 经济 增长 预计 经济体 ,世界银行 亚太经合组织 联合国,"http://mp.weixin.qq.com/s?__biz=MjM5NjM1OTI1Nw==&mid=2649228348&idx=3&sn=68724719ff93b05997265e5dcf811a6a&chksm=bef6d90a8981501ce8aaf01428df0718541296a6081890a5b9acbe5e56b474975850272a1ba2#rd,1679115291
",2023.3.8
91,瓦努阿图海燕是该国的特有物种吗？,【南太之声编译报道】澳大利亚莫纳什大学的一名博士生近日正在瓦努阿图的瓦努阿拉瓦岛（Vanualava Island）上对瓦努阿图海燕进行研究，以调查这种鸟是否真的是该地区的“原住民”。《瓦国日报》2月25日报道，瓦努阿图海燕是罕见的，很难识别，这种海燕只在瓦努阿图北部瓦努阿图熔岩陡峭的植被山坡上繁殖。尽管第一个已知的繁殖地点是2009年在瓦努阿拉瓦岛上发现的，但据报道，它也在梅拉拉瓦岛（Merelava Island）上繁殖。这种鲜为人知的海燕于2001年首次被科学地记录下来，基于1927年在梅拉拉瓦岛附近获得的六个样本，以及1983年在澳大利亚新南威尔士州陆地上发现的一只鸟。这些鸟是优秀的飞行家，翼展可达2米(7英尺)。它们因其不寻常的活动而闻名，即在水面上“赛跑”，同时扇动翅膀，直到它们获得足够的速度才能飞行。2021年，环境部收到了位于瓦努阿拉瓦岛西部的村庄Vetimboso社区的请求。他们很想知道什么样的鸟在陆地上过夜，白天飞到海里，以保护这种鸟。环境部生物多样性和保护首席官员巴雷奥(rolena Tavue Bareleo)说，她后来向国际鸟盟（Birdlife International）提交了申请，因为她知道瓦努阿图水域有两种海燕，她认为其中一种是该岛国的特有物种。她说:“这种特有的海燕被认为是托尔巴省独有的，然而来自其他国家的科学家认为，领圆尾鹱（collared petrel）和瓦努阿图海燕是同一物种。”巴雷奥补充说，正在进行的调查将帮助他们确认瓦努阿图海燕是本土物种，并确定这只鸟在一天内能飞多远，飞到哪里。这项研究将有助于更多地了解这种鸟类的生物学特性，以便保护它们，并为社区和省政府提供准确的信息。,,721,其他,澳大利亚 瓦努阿图 新南威尔士州,瓦努阿图 海燕 这种 物种 特有 ,国际鸟盟（BirdlifeInternational）,"http://mp.weixin.qq.com/s?__biz=MjM5NjM1OTI1Nw==&mid=2649228323&idx=1&sn=226481ad1e9ff4631f21d36a41e4e829&chksm=bef6d91589815003b134a326b9fbec945cd74cc988eabee9718f982632e2ee50645a50469a4a#rd,1679042056
",2023.3.3
98,确保燃料供应不断 巴新寻找新能源方案,【南太之声编译报道】巴布亚新几内亚代理总理罗索（John Rosso）近日向居民和企业保证，巴新银行（BPNG）和彪马能源（PUMA）之间已经达成了一项短期安排，在解决BPNG的监管要求的同时继续供应燃料。Sunday Bulletin网21日报道，罗索澄清说，巴新银行和彪马能源之间的问题不是缺乏外汇，而是由于巴新银行的规定，现在彪马能源同意与巴新银行合作解决这个问题。他补充说，在外汇储备方面，巴新银行已向他保证，有130亿基那（约合36.9亿美元）的外汇储备。与此同时，该国的燃料危机迫使政府寻找短期和长期的解决方案，以解决供应垄断和燃料安全问题。政府目前正在与库马尔石油控股有限公司（KPL）和三家跨国石油公司——埃克森美孚（ExxonMobil）、道达尔能源（TotalEnergies）和桑托斯（Santos）——以及矿产资源管理局进行认真讨论，以找到解决该国燃料短缺和供应的解决方案。据悉，总理马拉佩（James Marape）将很快宣布一项重大决定，即立即供应燃料，并在当地建设一个下游加工的炼油厂，确保国内市场的（燃料供应得到）长期解决。,,478,其他,巴布亚新几内亚 美国 法国 澳大利亚,燃料 解决 供应 巴新 能源 ,BPNG PUMA KPL ExxonMobil TotalEnergies Santos 矿产资源管理局,"http://mp.weixin.qq.com/s?__biz=MjM5NjM1OTI1Nw==&mid=2649228280&idx=1&sn=55e332718a67d08dbc9dffb3aed26005&chksm=bef6dece898157d8a772160bebede1ba110df82994a9bc518dba3e0cfd0e9e7f83416731c6f2#rd,1678477407
",2023.2.25
105,许可证申领有严格要求 瓦国大麻经营者将面临尽职调查,【南太之声编译报道】希望进入瓦努阿图医用大麻和工业大麻市场的投资者近日将面临彻底的尽职调查程序。《瓦国日报》11日报道，农业、畜牧业、林业、渔业和生物安全部（MALFFB）总干事兼医用大麻和工业大麻咨询委员会主席阿莫斯（Moses Amos）解释说，尽职调查将从许可证申请开始。据悉，该部门8日签署了进口、种植、加工和出口医用大麻和工业大麻的条例。该条例希望在瓦努阿图合法种植大麻和大麻用于医疗和工业目的的个人或企业，可在法规在政府公报上公布后申请获得许可证。该条例还规定了许可证持有人在进口、种植、收获、生产和出口所需的标准。此外，许可证持有人必须申领许可证才能经营，并需要提交各种文件随申请一并递交，例如银行结单证明、至少10年的经验证明、商业计划书、土地拥有证明及土地租赁合同的副本。根据《医用大麻和工业大麻法》，许可证持有人必须每年支付1000万瓦图（约合8.72万美元）的许可证费。每张许可证的有效期为10年。医用大麻和工业大麻咨询委员会主席保证，大麻合法化将受到严格控制，只用于医疗和工业目的。阿莫斯还表示，一旦政府完全了解业务运作方式，许可证数量可能会增加。（周晓编译）,,492,其他,瓦努阿图,大麻 许可证 工业 医用 尽职 ,,"http://mp.weixin.qq.com/s?__biz=MjM5NjM1OTI1Nw==&mid=2649228253&idx=3&sn=66069f54ab032c901b1ed3b2c3f30ae5&chksm=bef6deeb898157fd12ccd13e9ed7b1c583e4d54b42cffafa0b237447f79ac41ea13a7e9b5148#rd,1678408600
",2023.2.20
110,“资金援助仍在预算范围内” 巴新总理称将成立监督机构,【南太之声编译报道】巴新总理马拉佩（James Marape）近日表示，为96个地区各增加1000万基那（约合284.27万美元）的拨款处于“预算范围内”。巴新《国民报》13日报道，马拉佩澄清说，此举并不是增加地区服务改善计划（DSIP）的资金，每个地区的资金仍保持在1000万基那。他说:“我们已经为地区基础设施额外拨款500万基那（约合142.13万美元），如果该项目与政府重点关注的教育、卫生、道路、桥梁、码头、电力和改善法律和秩序状况等领域相辅相成，政府将再拨款500万基那。”马拉佩说，政府的重点是改善教育、卫生、基础设施、法律和秩序以及人们参与商业活动。“为了确保这些重点领域发挥最大影响，并尽可能多地惠及我们的人民，我们增加了DSIP，以便地区发展当局和省政府有资金实施他们的计划。马拉佩宣布成立一个国家监督机构，以确保这些资金用于预定用途。但反对派副领袖托穆里萨（Douglas Tomuriesa）表示，在经济好转之前，应该搁置向96个地区增加1000万基那资金的计划。他说:“是的，我们需要这些地区的资金，但政府必须坚持自己的预算，不要再以增加DSIP资金的承诺给议员们带来虚假的希望。”（周晓编译）,,510,其他,巴新 美国,资金 地区 增加 马拉佩 政府 ,DSIP（地区服务改善计划）,"http://mp.weixin.qq.com/s?__biz=MjM5NjM1OTI1Nw==&mid=2649228219&idx=2&sn=4af12e2af0d76fbdcb3a47c4cc5ddf37&chksm=bef6de8d8981579baebd1b68fe1e489c0fb88242dbd87310fcc9016ef09c5cce7672f7d0afc8#rd,1677960973
",2023.2.18
114,政府只想分一杯羹？巴新专家吁改善问责制,【南太之声编译报道】巴布亚新几内亚国家事务研究所执行主任巴克（Paul Barker）近日表示，政府必须为商业和经济发展创造适当的条件，为民众创造更多的就业机会。巴新《国民报》7日报道，他说，在全国近1400个公共机构中，很少有机构履行政府的核心职能。这些职能包括法律和秩序、基础设施保障、优质教育和卫生服务，以及为公民行使可靠的监管职能，并为商业和经济发展创造适当的条件。但巴克说：“创造就业的(选项)被广泛回避。政府实行赞助制度，试图运营或控制企业，并以平行预算管理资金，同时削减和改变规则、执照和许可，造成严重的商业不确定性和风险，而此时商业稳定、降低企业风险和成本对创造投资和就业至关重要，无论对大小企业都是如此。”巴克表示，不幸的是，政府“经常认为自己的角色是挑选商业活动或开发工业区，在履行自己的核心职能时只想等着从中分一杯羹”。他敦促政府专注于资源，减少浪费，改善问责制，为投资者创造安全的条件。（周晓编译）,,411,其他,巴布亚新几内亚,政府 创造 商业 职能 巴克 ,联合国 亚太经合组织 世界银行 国际货币基金组织 世界贸易组织 亚太经济合作组织 世界卫生组织 联合国开发计划署。,"http://mp.weixin.qq.com/s?__biz=MjM5NjM1OTI1Nw==&mid=2649228186&idx=1&sn=698483bb89a15b2c4f15401f32b75e91&chksm=bef6deac898157baef4ec2aa37ac0b9c9179a0a43a05a0719b4709514cef848854713a389f8a#rd,1677831532
",2023.2.13
122,瓦国首都治安堪忧？警方为社区献计,【南太之声编译报道】2023年的第一个月，瓦努阿图首都维拉港已经发生了多起青少年入室抢劫和路边袭击事件。《瓦国日报》2日报道，瓦努阿图警察部队（VPF）设在维拉港的重案组在1月的一周内记录了超过5起入室盗窃案件。对于此类事件，VPF呼吁公众采取额外的预防措施，照顾好自己的财产。然而，VPF希望提供一些积极的方法，以帮助社区保证其财产安全。首先，加强邻里守望计划很重要。一些社区已经开始实施邻里守望计划。公众必须确保他们的财产在任何时候都是安全的。家里物品必须放在或储存在安全的地方，避免这些物品成为小偷的目标。VPF还鼓励商业机构确保他们的财产和资金存放在安全的地方。VPF表示:“在营业时间结束后，现金必须始终存放在安全的地方。”（周晓编译）,,323,其他,瓦努阿图,VPF 安全 财产 社区 必须 ,VPF（瓦努阿图警察部队）,"http://mp.weixin.qq.com/s?__biz=MjM5NjM1OTI1Nw==&mid=2649228152&idx=3&sn=b510a7d59ea7868212af515560747bd4&chksm=bef6de4e898157588f565e3f0410d5dac27727bd02925136f1d7144bf5435683b0e9b1980aaf#rd,1677393468
",2023.2.8
123,独立后首部完整外交法将出台！瓦国百日计划先拿外交“开刀”,【南太之声编译报道】瓦努阿图外交、国际合作和对外贸易部长纳帕特（Jotham Napat）近日宣布，一个新修订的国家外交政策框架是其部门百日工作计划的优先事项。《瓦国日报》3日报道，纳帕特表示，他打算采取更广泛的外交政策，在保持和加强现有关系的同时，超越目前传统的双边和区域伙伴关系和视野。修改后的外交政策将成为指导该部门履行职责的方针。“全球地缘政治环境已经并将继续变化。我们的政府必须执行以瓦努阿图国家和民众的最佳利益为首要考虑的外交政策方向。”他补充说，外交、国际合作和对外贸易部是政府最重要的部门之一，也是国家发展和经济增长的最大贡献者之一。“我们在促进国际合作和帮助投资方面努力的结果可以在国家发展的所有领域中看到。当我们制定自己的政策时，我们将优先考虑我们的民众。我们部门将继续与现有的国际合作伙伴建立良好的工作关系，同时确保调查、支持和鼓励所有促进国家繁荣的机会。”修订后的政策预计将于4月底起草完毕，这是自1980年独立以来首个完整的外交政策。（周晓编译）,,436,其他,瓦努阿图,外交 政策 国家 国际 合作 ,联合国 亚太计划,"http://mp.weixin.qq.com/s?__biz=MjM5NjM1OTI1Nw==&mid=2649228152&idx=4&sn=b6c468cdf102194e93d8def4913ceee0&chksm=bef6de4e89815758e55fe65a3512e813d161f768ee53fc7adf0127599300bb9240d4eaef95c2#rd,1677393468
",2023.2.6
137,巴新外汇市场成交额上升17.3%,【南太之声编译报道】巴新银行（BPNG）干预力度的增加和大宗商品出口收入的增加推动了外汇成交额的增长。近日发布的《2022年南太平洋银行（BSP）第四季度太平洋经济和市场洞察报告》称，2022年巴新外汇市场成交额同比增长17.3%。巴新《国民报》23日报道，BSP集团财务总经理乔治（Rohan George）表示：“2022年的外汇成交量受到大宗商品价格走强的支撑，特别是石油、铜、棕榈油和咖啡。这些坚挺的大宗商品价格有助于抵消因关闭Porgera金矿而造成的外汇流入损失。BPNG在2022年四季度季度对外汇市场的干预比9月季度增加了51%。”他还提到，“为了管理外汇流动的波动性，企业应尽快下使用外汇交易的订单（并提供正确的文件），确保订单在等待执行时得到现金支持，确保清税证书是最新的，并反映出预期的外汇订单执行时间。”（萨琳编译）,,370,其他,巴新 南太,外汇 巴新 市场 2022年 成交额 ,南太平洋银行（BSP）,"http://mp.weixin.qq.com/s?__biz=MjM5NjM1OTI1Nw==&mid=2649228082&idx=2&sn=c26ad8027af294ca2529e0c5ca914354&chksm=bef6de04898157121d1ade9729b4484f45bbba819678fcb3364989fdaf5ed75c34c33356e562#rd,1676701132
",2023.1.29
140,红树林养护刻不容缓 所国居民自发组织植树活动,【南太之声编译报道】所罗门群岛是一个拥有丰富陆地和海洋自然资源的国家。然而，近来的气候变化等自然灾害影响也给环境带来了重大变化。自然植被和森林受到影响。《所罗门星报》22日报道，沿着海岸线，丰富的自然植被之一是红树林。它是食物的重要来源，也为乡村家庭和社区提供福利。Buri有一个美丽的港口，为红树林的生长提供了理想的场所。因此，沿海岸的红树林里已经建起了大量的房屋。然而，由于气候变化带来的海平面上升的威胁增加，一些曾经干涸的土地现在被海洋覆盖。正因为如此，为了保护海岸线，一些村民决定主动在他们的海岸线前进行植树活动。居民朗森（O'Neil Ronson）在过去几个月里决定在他们家的海岸线前重新种植红树林。结果是值得的，因为新的植物已经长大了，看起来很健康。根据大自然保护协会（The Nature Conservancy）的说法，红树林对太平洋岛民很重要，因为它们有助于稳定海岸线生态系统，防止侵蚀。红树林为附近的居民区提供了天然的基础设施和保护，防止侵蚀，并在极端天气事件中吸收风暴潮的影响，如王潮和气旋。（周晓编译）,,464,其他,所罗门群岛,红树林 海岸线 自然 变化 影响 ,联合国 亚太计划 大自然保护协会,"http://mp.weixin.qq.com/s?__biz=MjM5NjM1OTI1Nw==&mid=2649228082&idx=5&sn=7f3f88ce59bbf88f0a7cc61aa5c94a68&chksm=bef6de04898157125eff8d22f87920b5d0947e20b2f51eb7c5dcb093cb3da48c4e642fcfa99f#rd,1676701132
",2023.1.25
155,到2030年实现全域通电！瓦国清洁能源目标继续推进,图为瓦努阿图部分地区用上清洁能源。（图/《瓦国日报》网站截图）【南太之声编译报道】瓦努阿图能源部气候变化司近日达成了一项里程碑，关于疫情暴发时影响到的国家能源路线图（NERM）等政策实施。《瓦国日报》4日报道，疫情暴发影响了诸如“消除障碍实现国家能源路线图目标”(BRANTV）等项目，该项目旨在创造有利环境，以实现瓦努阿图国家能源路线图的目标，即到2030年实现100%的用电率。由于瓦努阿图从去年3月开始连续3个月实行全面封锁，今年的可再生能源技术系统安装计划被迫中断。尽管实行封锁，但推广清洁能源以减少柴油燃烧产生的温室气体排放，并以太阳能和水电系统等可再生能源技术替代的目标已深入瓦努阿图等太平洋岛民的思想，他们经历并生活在气候变化的不利影响中，决心向可再生能源过渡，为后代拯救环境。巨大的热情推动能源部通过BRANTV项目，仅在2022年在瓦努阿图的7个岛屿安装多达10个独立社区规模的光伏太阳能系统和家庭复合光伏太阳能纳米电网。这些举措成功地为2465人提供了服务，其中半数是妇女，她们可以直接获得可靠的清洁能源用于日常用电。除了家庭，这些可再生能源系统还直接连接到社区的基本公共机构和商业机构，为整个社区服务。（周晓编译）,,518,其他,瓦努阿图,能源 瓦努阿图 实现 清洁 目标 ,联合国国家能源路线图（NERM）消除障碍实现国家能源路线图目标（BRANTV）,"http://mp.weixin.qq.com/s?__biz=MjM5NjM1OTI1Nw==&mid=2649227931&idx=1&sn=61f8708f2cbf482f20ab95adb9801f4f&chksm=bef6dfad898156bb8e11a8210c2ca96f517c5f8ce9e22b9b7747f97e510afae758f052d346c4#rd,1675471389
",2023.1.15
157,所罗门西部省新省长：任期首个百天内将出台新政,韦奥（Billy Veo）近日成为所罗门群岛西部省省长。（图/《所罗门星报》网页截图）【南太之声编译报道】韦奥（Billy Veo）近日成为所罗门群岛西部省省长。他也是第25选区——诺罗镇的省议员。《所罗门星报》9日报道，在种族紧张局势之后，韦奥长期在西部省从政。他在当选后表示，他的政府将确保在任期的第一个100天内准备好新政策。他强调了新政府政策将涵盖的一些领域，其中包括联邦制度、省级土地开发、卫生和与国家政府合作。他的政府将大力推行拟议中的联邦治理体系，因为这是一个由西部省牵头实施的国家项目。韦奥表示，该省所有归省级政府管辖的土地，新政府将确保这些土地归还给西部省，列入投资目录。“夺回属于该省的东西是我的政府的一项关键性优先政策。”在卫生领域，韦奥承诺确保医院和诊所全年都有足够的药品。他提到，卫生是经济和社区的一个重要领域，这意味着西部省必须努力按照卫生标准生活。他还感谢了每一位一线医疗和护理人员在新冠疫情最严重时期做出的巨大牺牲和承诺。那些在疫情期间为国家工作的人值得西部省公众的赞扬。韦奥表示，他还将与国家政府保持友好的工作关系，并承诺将与各部门扩大关系。西部省民众需要搁置分歧，开始共同努力，因为这是该省向前发展的唯一途径。（萨琳编译）,,529,其他,所罗门群岛,政府 西部省 韦奥 所罗门 卫生 ,联合国 亚太计划,"http://mp.weixin.qq.com/s?__biz=MjM5NjM1OTI1Nw==&mid=2649227931&idx=3&sn=f3c0521085f87a6b14f9cd9f532a1c98&chksm=bef6dfad898156bbf08af979179d33dfb544fc83d25c38a35140b00a5a440a54dbf4c28d4b3e#rd,1675471389
",2023.1.15
163,斐济日报第2031期 2022年10月22日出版,斐济日报电子报每周六同步更新至“南太之声”App，微信公众号在次周一发布。新货到！本公司从韩国直接进口各类产品：方便面（辛拉面、炸酱面、安城汤面等）、韩国辣酱、各类酱料、食用油、各种口味海苔、韩国饮料（大小包装均有）、速溶咖啡、听装咖啡、多种类韩国品牌面膜、菲诗小铺洗面奶等。本批次产品销售均为批发价，欢迎来电咨询。=======================================================2022年12月24日出版斐济日报电子报本篇文章版权归斐济日报所有，未经授权许可，其他媒体不得转载。如需转载或改编，请联系斐济日报新媒体事业部。邮箱：fijidaily@gmail.com,,307,其他,韩国 ,日报 韩国 2022年 出版 电子报 ,无,"http://mp.weixin.qq.com/s?__biz=MjM5NjM1OTI1Nw==&mid=2649227904&idx=5&sn=2500b6034fd8dd5a58aff74752a544cd&chksm=bef6dfb6898156a0c9325cb9502859bfd46ddc39e3fc8fe42f9653adb0923cfd555f8ced4fc8#rd,1675419097
",2023.1.9
164,巴新教师储蓄和贷款协会作为商业银行运营,巴新工商会会长伊恩对教师储蓄和贷款协会提出了一些注意事项。（图/巴新《国民报》网页截图）巴新《国民报》报道，伊恩说：“还存在挑战。政府最近决定向银行征税45%，并取消以前占主导地位的1.9亿基那（约合5392万美元）的市场税就是一个例子。所以，税收政策的变化确实会抑制现有企业的投资或扩张。”不过，伊恩还表示：“对于新玩家来说，我相信他们在规划和成本效益决策时会考虑到这一点。我相信协会董事会和管理层已经考虑到这一点，并采取了适当的缓解措施。无论如何，Tisa的努力都受到了欢迎，因为国家还有建立更多银行的空间。我们有很大一部分人口，特别是农村地区的人口，迫切需要银行服务。零售银行服务增长的机会就在那里。”（萨琳编译）,,310,其他,巴新 美国 基那,银行 巴新 协会 伊恩 教师 ,巴新教师储蓄和贷款协会,"http://mp.weixin.qq.com/s?__biz=MjM5NjM1OTI1Nw==&mid=2649227867&idx=1&sn=b680974a05c45754093b0efc8127b356&chksm=bef6df6d8981567b870c2f7f916efbabb2f51cba26dd5fcb8bdeab7932ea32d7cb5c1036c6e5#rd,1675049439
",2023.1.9
165,全球现多种新冠变异株 巴新国家流行病应对中心提醒民众注意防范,巴新《国民报》2022年12月30日报道，“从数据来看，在国家首都区、新爱尔兰省、马当、西高地省、赫拉省、莫罗贝港和东塞皮克省，这种传播很明显。”艾斯罗姆表示，疫情第五次激增始于去年11月，预计将于今年2月中旬结束。“感染奥密克戎变异毒株的症状已经改变，现在人们表现出以下症状——发烧、咳嗽、头痛、腹泻、关节和肌肉酸痛。”他还指出，巴布亚新几内亚正在监测全球的疫情发生情况，他说:“印度、韩国和日本都出现了感染激增的现象。因此我们将就国内将采取何种措施向国家紧急状态总监（the Controller）提出建议。”另外他还提到，“虽然我们已经放松了所有的限制，但民众必须保持警惕，并且仍须遵守以下规定是很重要的。”待在户外阳光下；吃好休息好；多喝水；避免前往人群密集的地方，佩戴口罩；如果你出现症状，要进行检测；出现症状时立即就医；接种疫苗。艾斯罗姆还强调，50岁及以上、有合并症的，以及一线工作人员也需要接种疫苗，以防止住院或死亡。（周晓编译）,,423,其他,新爱尔兰省 马当 西高地省 赫拉省 莫罗贝港 东塞皮克省 印度 韩国 日本 巴布亚新几内亚,症状 国家 出现 全球 变异 ,巴新国家流行病应对中心,"http://mp.weixin.qq.com/s?__biz=MjM5NjM1OTI1Nw==&mid=2649227866&idx=1&sn=c43cdc9360e642542b3be1e1c7c86d79&chksm=bef6df6c8981567a9ca85a4c257d9455cd0d7508517f3fb9eb8d565355c2665e2e54c0c4ab10#rd,1674903041
",2023.1.8
167,国家运输核心计划仍然停滞不前？所总理：基础设施的建设迫在眉睫,《所罗门星报》2022年12月30日报道，国家运输核心计划价值8.55亿美元（约合65亿所罗门群岛元），预计将创造2700多个就业岗位。该项目将为瓜达尔卡纳尔岛、马莱塔省、西部省等主要省份建设道路和桥梁、港口基础设施，并购买相关船只。索加瓦雷说，基础设施将人们与市场和服务联系起来，支持和刺激农村地区的经济活动，并改善人们的生活。然而，索加瓦雷当日在议会发表讲话，为本届议会第五次会议的无期限动议收尾时说，自从3年前签署这个概念以来，没有取得任何进展。他在议会表达了失望之情。索加瓦雷在签署国家运输核心计划时表示，基础设施部门的投资将对其他部门和经济产生倍增效应。总理说，建立国家基础设施发展局的工作也在进行中。（周晓编译）,,312,其他,美国 所罗门群岛 瓜达尔卡纳尔岛 马莱塔省 西部省,基础 设施 国家 运输 核心 ,国家运输核心计划,"http://mp.weixin.qq.com/s?__biz=MjM5NjM1OTI1Nw==&mid=2649227866&idx=3&sn=22945ad086c8a8aa729f709a7a6c0a40&chksm=bef6df6c8981567a0b154dadf80192b8a9c6d5838533c3ce44888a669915c35a8070e489f52d#rd,1674903041
",2023.1.5
171,澳洲要与岛国合办COP31？帕劳总统发声支持,帕劳总统惠普斯（Surangel Whipps）近日谈到澳大利亚计划在2026年主办《联合国气候变化框架公约》第三十一次缔约方大会（COP31）时表示“是时候把这个问题带到太平洋了。”帕劳《岛屿时报》22日报道，澳大利亚曾表示有意申办2026年的COP31，并希望与太平洋岛国共同举办。惠普斯证实，澳大利亚代表团在不久前召开的COP27会议上同他接触，寻求帕劳的支持。惠普斯赞扬了澳大利亚在2021年COP26会议上做出的到2030年将碳排放量减少43%的承诺。“从此前承诺的30%提高到43%，这是一个很大的进步，澳大利亚还致力于发展可再生能源，目前正在帮助我们的太阳能项目。”澳大利亚影子外长、反对派领袖伯明翰（Simon Birmingham）说：“在气候变化问题上，澳大利亚正在超额实现其设定的零排放目标。”他参加了澳大利亚两党代表团对三个太平洋岛国瓦努阿图、密克罗尼西亚联邦和帕劳的访问。伯明翰解释说，澳大利亚正在发生变化，比如在可再生能源方面的投资达到了创纪录的水平，但国内的政治辩论并没有帮助澳大利亚清楚传达这些变化。在近日对帕劳的短暂访问中，澳大利亚高级别代表团参观了帕劳目前在建的最大的太阳能发电场，该发电场是由澳大利亚太平洋基础设施融资基金提供资金建设的。一旦建成，该设施将为帕劳解决20%的可再生能源需求。,,564,其他,澳大利亚 瓦努阿图 密克罗尼西亚联邦 帕劳,澳大利亚 帕劳 变化 太平洋 岛国 ,联合国气候变化框架公约（UNFCCC） 亚太计划（APF） 澳大利亚太平洋基础设施融资基金（APIF）,"http://mp.weixin.qq.com/s?__biz=MjM5NjM1OTI1Nw==&mid=2649227839&idx=2&sn=f324398684b3c792774dbaf0c1d69ee3&chksm=bef6df098981561f8955970318b36372c86b9d451a38c8970920f19f3a68891c40f7148a6e76#rd,1674810442
",2023.1.1
176,巴新INA所长：政府应首先修复现有国家机构,巴新国家事务研究所（INA）所长巴克（Paul Barker）近日呼吁政府要率先修复现有的国家机构。巴新《国民报》23日报道，巴克表示，政府倾向于创建新的机构来解决问题，而不是修复或为现有机构提供资源，让它们发挥作用。“这就导致了权力重叠。各机构和部门需要有效的审查和监督系统，这样权力才不会重叠。随着最近新部门和机构的成立，政府必须确保现有组织的职能不与新组织重叠，尽管它们通常倾向于这样做。中央政府机构负责规划、协调和监督，而一线机构、法定机构和地方当局则负责执行。”巴克指出，政府还需要提高项目和政策的执行能力以及监测支出的能力。“有多种现有机构在履行这一职能，包括检查和审计角色，而我观察的财政检查员，他们已不复存在。所有这些职能都资源不足，在各个方面都有缺陷，政府机构的增加使审计长难以实地进行跟踪。”巴克还说，政府没有坚持自己的核心职能，包括对私营部门的监管职能，而是不断挪用稀缺的公共资金来履行私营部门的职能，而私营部门的职能总是表现不佳，忽视了提供服务的基本任务。他希望反腐败独立委员会能在政府和私营部门之间形成强有力的协调关系。（萨琳编译）,,479,其他,巴新,机构 政府 职能 部门 现有 ,联合国 亚太经合组织 世界银行 国际货币基金组织 世界贸易组织 联合国开发计划署 联合国教科文组织 联合国粮食及农业组织 联合国环境规划署 联合国儿童基金会 联合国难民署 联合国人口基金会 联合国犯罪及司法署 联合国教育 科学及文化组织 联合国劳工组织 联合国经济及社会理事会 联合国人权理事会 联合国安全理事会 联合国政府间气候变化专门委员会 联合国气候变化框架公约组织 联合国气候变化框架公约组织秘书处 联合国气候变化框架公约组织科学技术委员会 联合国气候变化框架公约组织经济及社会理事会 联合国气候变化框架公约组织环境及发展理事会 联合国气候变化框架公约组织环境及发展委员会 联合国气候变化框架公约组织环境及发展委员会秘书处 联合国气候变化框架公约组织环境及发展委员会科学技术委员会 联合国气候变化框架公约组织环境及发展委员会经济及社会理事会 联合国气候变化框架公约组织环境及发展委员会环境及发展委员会 联合国气候变化框架公约组织环境及发展委员会环境及发展委员会秘书处。,"http://mp.weixin.qq.com/s?__biz=MjM5NjM1OTI1Nw==&mid=2649227804&idx=1&sn=3149f20c3cb07da7964fa346b6959f8d&chksm=bef6df2a8981563cd43aa395f99ea6c366e2747b7cdb672e668ed2bb64b674eab780d6333702#rd,1674279131
",2022.12.25
178,汤加等14个太平洋岛国共同参与治理化学品污染项目,汤加近日和其他13个太平洋岛国共同参与了一项治理污染项目。该项目是太平洋岛国中最大的反污染项目，涉及有毒化学品和废物的管理。它以赠款、培训、信息、数据共享和协作活动的形式为该区域危险废物的安全回收提供支持。汤加Matangi新闻网12月22日报道，此前，该项目于11月15日至17日在斐济苏瓦举行了第一次太平洋岛屿危险化学品和废物可持续管理倡议会议。联合国环境规划署（UNEP）、绿色增长知识伙伴关系组织（GGKP）和太平洋区域环境规划署（SPREP）秘书处的代表也出席了会议。汤加首席环保主义者马西（Mafile'o Masi）表示，太平洋项目旨在帮助其更好地管理危险废物和化学品，在某些情况下将包括固体废物和所有其他废物。这将有助于改善外岛废物的妥善管理。“就我们而言，这很重要，因为我们的垃圾填埋场将能够抵御气候变化，这也是我们两个外岛Ha'apai和Eua的垃圾场。”该项目的目标是查明危险废物和化学污染物的来源和主要制造者，并提请利益攸关方和影响者群体注意报废车辆、电子废物、汞、塑料和废油的使用。这将有助于避免持久性有机污染物（POPs）和汞物质在生态系统中积聚。该项目还旨在提高人们的认识，并采取切实可行的步骤，安全回收和处置收集到的危险废物。据悉，该项目得到2000万美元的全球环境基金资金和另外9400万美元的联合融资(实物)捐款的支持。,,578,其他,汤加  苏瓦,废物 项目 太平洋 危险 汤加 ,联合国环境规划署（UNEP） 绿色增长知识伙伴关系组织（GGKP）和太平洋区域环境规划署（SPREP）,"http://mp.weixin.qq.com/s?__biz=MjM5NjM1OTI1Nw==&mid=2649227804&idx=3&sn=974dd209f6e332bfef175a3db06a095d&chksm=bef6df2a8981563c597eec7c6a3cd003c4582b8914b4c46efef43fc063e57cc9dd7fa5ab36aa#rd,1674279131
",2022.12.24
179,汤加橄榄球国家队获得2025年世界杯参赛资格,汤加国家橄榄球联盟男子球队在2022年底自动获得了2025年法国橄榄球联盟世界杯的参赛资格。汤加Matangi新闻网报道，国际橄榄球联盟确认，2021年男子橄榄球锦标赛的所有8个进入1/4决赛的球队，加上东道主法国队，自动获得了下一届世界杯的参赛资格。除汤加外，其他球队分别来自澳大利亚、英国英格兰、斐济、黎巴嫩、新西兰、巴布亚新几内亚、法国和萨摩亚。女子球队也同样自动获得资格。国际橄榄球联盟主席格兰特（Troy Grant）表示，在疫情造成的中断之后，国际橄榄球联盟的机会从未如此之大。他说:“我们现在期待着2025年的法国世界杯，在未来三年里，国际橄榄球联盟将有巨大的机会继续发展，全球每个地区都将举行资格赛。这是第一次有女子资格赛，来自美洲、亚太、欧洲、中东、非洲的球队将在区域锦标赛中争夺2025年法国世界杯的席位。男子世界杯也有一个有意义和清楚明确的预选赛路径，20个国家参加了地区比赛，以确定2025年法国世界杯的剩余7个席位。”,,422,其他,汤加 澳大利亚 英国英格兰  黎巴嫩 新西兰 巴布亚新几内亚 法国 萨摩亚 美洲 亚太 欧洲 中东 非洲,橄榄球 世界杯 联盟 2025年 球队 ,国际橄榄球联盟,"http://mp.weixin.qq.com/s?__biz=MjM5NjM1OTI1Nw==&mid=2649227804&idx=4&sn=954b3a4ae30922b00f22cabef31a8c3f&chksm=bef6df2a8981563c3b705ab6c5c1ed41411caf9904ccffe55ca4c3848ea4933df56916c6b8da#rd,1674279131
",2022.12.24
181,今年瓦国农业发展如何？来看农业部长的这份年终总结,在制定2022年商业计划时，瓦努阿图农业和农村发展部（DARD）寻求“在新常态下实现繁荣和弹性的创新”。这一目标在今年得到了真正的考验，因为该国出现了首例新冠感染病例，随后在今年上半年实行了两个多月的封锁。上述言论是DARD部长拉沃（Antoine Ravo）在其2022年终致辞中发表的。《瓦国日报》22日报道，拉沃表示，尽管面临疫情的意外挑战，但该部门仍然实现了今年计划的大部分业务活动。这包括制定新的政策文件，包括《国家种子战略》、农业研究和技术中心（VARTC）五年战略计划、《国家根茎作物战略》，以及支持国家性别平等政策下农业部的首个性别平等行动计划。其他主要活动包括正在进行的全国农业普查，这是自2007年以来首次获得农业领域的新数据，以及增加大溪地石灰和根茎作物对新西兰市场的出口。2023年，瓦努阿图民众可以期待该部门启动一些大型项目，包括亚洲开发银行（ADB）后院园艺项目、瓦努阿图社区气候适应能力项目（VCCRP）和全球环境基金第六期项目。（周晓编译）,,436,其他,瓦努阿图 新西兰 亚洲开发银行,农业 今年 计划 包括 项目 ,亚洲开发银行（ADB） 瓦努阿图社区气候适应能力项目（VCCRP） 全球环境基金第六期项目,"http://mp.weixin.qq.com/s?__biz=MjM5NjM1OTI1Nw==&mid=2649227804&idx=6&sn=ad3a976f964a4adcb0e25caab808bb73&chksm=bef6df2a8981563cea879bfca2102675459fd794e06116d4b04848d291c7371ac04ed56bd488#rd,1674279131
",2022.12.22
189,地缘政治加剧 小国只能听天由命？所总理找出国内最大威胁,所罗门群岛总理索加瓦雷（Manasseh Sogavare）近日对民主进步执政联盟（DCGA）议员的政治成熟度和对国家的热爱表示赞赏。《所罗门星报》15日报道，索加瓦雷在允许议员就他们感兴趣的问题发言的无限期动议中强调了这一点。他指出，“如果不是DCGA成员的承诺和决心来迎接这些挑战，尊重法治和民主原则”，2021年11月的暴力事件本可以推翻政府。他进一步警告称，未来地缘政治将加剧。“如果我必须找出对所罗门群岛这样的发展中小国的和平与稳定的最大威胁，除了体制、治理和结构问题之外，那就是这些大国采取的战略，让无助的发展中小国只能‘听天由命’。”索加瓦雷强调，在外国势力不断的拉扯中，所罗门群岛的主要问题是如何在所有这些方面对本国进行战略定位。另外，他还提到，迄今为止取得的政策成就和重大项目是政治稳定的结果，“......这种发展环境需要政府班子成员的坚定努力来创造”。索加瓦雷承认政府的议员们确保了政治稳定，这证明了“我们只有把重点放在民众的发展需求上，而不是肮脏的政治上，才能克服挑战”。（周晓编译）,,454,其他,所罗门群岛,政治 所罗门 发展 群岛 索加瓦雷 ,联合国 亚太经合组织 东盟 联合国发展计划署 联合国教科文组织 联合国粮食及农业组织 联合国环境规划署 联合国难民署 联合国儿童基金会 联合国人口基金会 联合国经济及社会理事会 联合国安全理事会 联合国人权理事会 联合国教育 科学及文化组织 联合国贸易及发展会议 联合国犯罪及司法组织 联合国货币基金组织 联合国粮食及农业组织 联合国经济及社会理事会 联合国人口基金会 联合国环境规划署 联合国难民署 联合国儿童基金会 联合国人权理事会 联合国教育 科学及文化组织 联合国贸易及发展会议 联合国犯罪及司法组织 联合国货币基金组织 联合国经济及社会理事会 联合国人口基金会 联合国环境规划署 联合国难民署 联合国儿童基金会 联合国人权理事会 联合国教育 科学及文化组织 联合国贸易及发展会议 联合国犯罪及司法组织 联合国货币基金组织 联合国经济及社会理事会 联合国人口基金会 联合国环境规划署 联合国难民署 联合国儿童基金会 联合国人权理事会 联合国教育 科学及文化组织 联合国贸易及发展会议 联合国犯罪及司法组织 联合国货,"http://mp.weixin.qq.com/s?__biz=MjM5NjM1OTI1Nw==&mid=2649227759&idx=6&sn=b8fa25d63502db62a10044efe2d3a771&chksm=bef6dcd9898155cf00e1cab42c67d19ce755ef17cac939a12010b0688499e3bc4f4be74e8e6f#rd,1674214804
",2022.12.15
190,货币能力仍然强劲 汤加国内油价平稳回落,从12月19日开始，除汽油价格继续上涨外，柴油和煤油的价格将大幅下降。汤加Matangi网报道，经汤加主管当局(TCA)批准，新的石油零售价格将从2022年12月持续至2023年1月。汽油价格从目前每升3.49汤加潘加（约合1.48美元）上涨到3.52汤加潘加（约合1.49美元）煤油价格从目前每升3.17汤加潘加（约合1.34美元）降至3.08汤加潘加（约合1.30美元）柴油价格由目前每升4.25汤加潘加（约合1.80美元）降至4.03汤加潘加（约合1.70美元）虽然原油价格在一个月的平均基础上下降，但产品价格却有变化。亚太地区汽油炼油利润有所增长。同样，飞机/煤油价格下跌主要是由于原油价格大幅下降。然而，地区冬季对煤油作为取暖燃料的需求支撑着炼油利润。海运运价小幅上涨（上涨5.6%），部分抵消了上个月的下降。此外，持续的俄乌冲突（公司避免使用俄罗斯拥有的油轮）维持着比平时更高的海运费率。“汤加潘加（作为货币）已经加强，抵消了部分上涨，促进了价格下跌。”（周晓编译）,,439,其他,汤加 俄罗斯,价格 汤加 美元 上涨 煤油 ,TCA 亚太计划,"http://mp.weixin.qq.com/s?__biz=MjM5NjM1OTI1Nw==&mid=2649227759&idx=7&sn=613c78e5d7210d64b8c4fdbf0c1bb71e&chksm=bef6dcd9898155cfac769394e47f6e2d70bcea905ad1bb937eaf6401885ff5b1eae98d6f61f6#rd,1674214804
",2022.12.15
191,再续伙伴关系 太平洋环境规划署与联合国再度联手,设在萨摩亚首都阿皮亚的太平洋区域环境规划署秘书处（SPREP）和联合国环境规划署（UNEP）近日继续延续双方的伙伴关系。萨摩亚观察者网18日报道，近日在加拿大蒙特利尔举行的联合国《生物多样性公约》第十五次缔约方会议（COP15）期间，双方签署了一份新的谅解备忘录，从而巩固了该区域组织与联合国机构之间的伙伴关系。新的谅解备忘录使两个组织能够努力实现共同的目标和目的，以应对气候变化、自然和生物多样性丧失以及污染和废物这三重全球危机，包括支持环境保护、适应和减缓气候变化以及太平洋社区可持续发展的生物多样性。UNEP执行主任安德森（Inger Anderson）表示，在COP15上与SPREP恢复伙伴关系具有特殊意义。安德森说：“我们知道，太平洋岛屿显然是最容易受到气候变化影响的地区之一，你们在这个问题上的道德清晰度比任何人都高。我们希望支持这种道德清晰度，因为你们所做的工作非常关键。”SPREP还将利用太平洋岛屿自然保护圆桌会议（PIRT）作为协调机构。PIRT是一个由自然保护和发展组织、政府间组织和捐赠机构组成的联盟，成立于1998年，旨在加强太平洋岛屿地区有效的保护行动。除了感谢澳大利亚、法国和新西兰提供的预算外，她还感谢上述国家的项目和技术支持。（周晓编译）,,537,其他,萨摩亚 加拿大 澳大利亚 法国 新西兰,太平洋 伙伴 关系 环境 联合国 ,自然保护圆桌会议（PIRT）联合国环境规划署（UNEP）太平洋区域环境规划署（SPREP）联合国《生物多样性公约》,"http://mp.weixin.qq.com/s?__biz=MjM5NjM1OTI1Nw==&mid=2649227759&idx=8&sn=fda46b12962836da5c2cf0fc565c1a98&chksm=bef6dcd9898155cf1640709c68ff9b1cc0d003978433a23ff85475f88616e20b9079c7aae72b#rd,1674214804
",2022.12.14
210,【快讯】2022年12月8日斐济共新增26例新冠确诊病例,今日共5名患者康复，自2020年3月19日确诊首个病例以来，斐济现有活跃病例156个，共记录了68553个病例，其中66529人康复，878人死亡。2021年4月出现的新一波疫情产生病例达到68483。死亡病例中，876人死于今年4月开始的第二波疫情。公众可登录http://bit.ly/3vE2ZBb查看确诊病例详细位置和热力图。卫生部还开通了疫苗接种热力图网站，公众可以登陆http://bit.ly/3h2JfCZ了解实时、详细的疫苗接种情况。截至2022年12月7日，斐济共有95.5%的成人（59.0万人）完全接种了疫苗，104.2%（原文数据）的成人（64.4万人）完成了第一针疫苗的接种。15至17岁的儿童共有32698名完全接种了疫苗，39357名完成了第一针疫苗的接种。12至14岁的儿童共有17569名完全接种了疫苗,,369,其他,Not mentioned,病例 疫苗 接种 确诊 共有 ,无,"http://mp.weixin.qq.com/s?__biz=MjM5NjM1OTI1Nw==&mid=2649227640&idx=7&sn=64b2ae3199dbd4278e51cb7242adae12&chksm=bef6dc4e898155585c1d7861aabb9e813784cf733ea43ec6d0dc52ccddd3fb6fe75cc7890d52#rd,1672998042
",2022.12.8
212,【快讯】2022年12月8日斐济共新增26例新冠确诊病例,今日共5名患者康复，自2020年3月19日确诊首个病例以来，斐济现有活跃病例156个，共记录了68553个病例，其中66529人康复，878人死亡。2021年4月出现的新一波疫情产生病例达到68483。死亡病例中，876人死于今年4月开始的第二波疫情。公众可登录http://bit.ly/3vE2ZBb查看确诊病例详细位置和热力图。卫生部还开通了疫苗接种热力图网站，公众可以登陆http://bit.ly/3h2JfCZ了解实时、详细的疫苗接种情况。截至2022年12月7日，斐济共有95.5%的成人（59.0万人）完全接种了疫苗，104.2%（原文数据）的成人（64.4万人）完成了第一针疫苗的接种。15至17岁的儿童共有32698名完全接种了疫苗，39357名完成了第一针疫苗的接种。12至14岁的儿童共有17569名完全接种了疫苗,,369,其他,Not mentioned,病例 疫苗 接种 确诊 共有 ,无,"http://mp.weixin.qq.com/s?__biz=MjM5NjM1OTI1Nw==&mid=2649227575&idx=1&sn=996cc893b37601b515fc6c5cda1c5327&chksm=bef6dc01898155174575993dcebe8df4bd8e603b90c47a7de4ccf68d34fef8a49a5feea7c7d3#rd,1672828771
",2022.12.7
214,【快讯】2022年12月8日斐济共新增26例新冠确诊病例,今日共5名患者康复，自2020年3月19日确诊首个病例以来，斐济现有活跃病例156个，共记录了68553个病例，其中66529人康复，878人死亡。2021年4月出现的新一波疫情产生病例达到68483。死亡病例中，876人死于今年4月开始的第二波疫情。公众可登录http://bit.ly/3vE2ZBb查看确诊病例详细位置和热力图。卫生部还开通了疫苗接种热力图网站，公众可以登陆http://bit.ly/3h2JfCZ了解实时、详细的疫苗接种情况。截至2022年12月7日，斐济共有95.5%的成人（59.0万人）完全接种了疫苗，104.2%（原文数据）的成人（64.4万人）完成了第一针疫苗的接种。15至17岁的儿童共有32698名完全接种了疫苗，39357名完成了第一针疫苗的接种。12至14岁的儿童共有17569名完全接种了疫苗,,369,其他,Not mentioned,病例 疫苗 接种 确诊 共有 ,无,"http://mp.weixin.qq.com/s?__biz=MjM5NjM1OTI1Nw==&mid=2649227563&idx=2&sn=9640d19b994f2264a397697263c2d24e&chksm=bef6dc1d8981550b7df29ceb6f20e703fdb2fceeb79401fd2b04a6d30624031c172a5329b3eb#rd,1672640301
",2022.12.7
218,瓦努阿图启动国家能源及低排放发展计划,全球绿色增长研究所（GGGI）近日在瓦努阿图正式启动了《2022-2030国家能源效率战略和行动计划》（NEESAP）以及《长期低排放发展战略》（LT-LEDS）。这是通过绿色气候基金、新西兰政府和法国政府的资助而实现的。瓦努阿图《瓦国日报》12月3日报道，瓦努阿图气候变化部长雷根瓦努（Ralph Regenvanu）是在Ramada度假村召开的发布会的主要发言人。他回顾了瓦努阿图在联合国第27届气候大会（COP27）上为争取国际法院发表咨询意见而进行的游说。他说：“政府很高兴得到GGGI的技术支持，提出的两份政策文件将极大地帮助我们。NEESAP的总体目标是为减少温室气体排放做出贡献。该文件是通过与利益攸关方、私营部门和发展伙伴协商制定的。LT-LEDS的指导愿景是减少所有部门的排放，为民众提供有弹性、可持续和公平的增长。通过密切合作，我们可以实现一个健康的气候和环境。”（萨琳编译）,,398,其他,瓦努阿图 新西兰 法国,瓦努阿图 排放 气候 发展 通过 ,联合国第27届气候大会（COP27）全球绿色增长研究所（GGGI）绿色气候基金新西兰政府法国政府2022-2030国家能源效率战略和行动计划（NEESAP）长期低排放发展战略（LT-LEDS）,"http://mp.weixin.qq.com/s?__biz=MjM5NjM1OTI1Nw==&mid=2649227562&idx=1&sn=c0076b2536bf2ee048f4fa16f1203140&chksm=bef6dc1c8981550ad31939e8b34d67154d37b3de24d371654a78d2b7876c479f4ca68c27d6cb#rd,1672640227
",2022.12.6
236,斐济日报第2027期 2022年11月26日出版,斐济日报电子报每周六同步更新至“南太之声”App，微信公众号在次周一发布。新货到！本公司从韩国直接进口各类产品：方便面（辛拉面、炸酱面、安城汤面等）、韩国辣酱、各类酱料、食用油、各种口味海苔、韩国饮料（大小包装均有）、速溶咖啡、听装咖啡、多种类韩国品牌面膜、菲诗小铺洗面奶等。本批次产品销售均为批发价，欢迎来电咨询。=======================================================2022年11月26日出版斐济日报电子报本篇文章版权归斐济日报所有，未经授权许可，其他媒体不得转载。如需转载或改编，请联系斐济日报新媒体事业部。邮箱：fijidaily@gmail.com,,307,其他,韩国 ,日报 韩国 2022年 11月 26日 ,无,"http://mp.weixin.qq.com/s?__biz=MjM5NjM1OTI1Nw==&mid=2649227464&idx=2&sn=967b751854c52764e1a45795145a01a2&chksm=bef6ddfe898154e8210214d23e2fb32015097e8fc80954074ca82942fd369bf91e825f4924a6#rd,1671785289
",2022.11.27
238,【快讯】2022年11月24日斐济共新增9例新冠确诊病例,截至11月24日上午8点，卫生部公布了本日共新增9例新冠确诊病例。无新增死亡报告。今日共89名患者康复，自2020年3月19日确诊首个病例以来，斐济现有活跃病例60个，共记录了68375个病例，其中66440人康复，878人死亡。2021年4月出现的新一波疫情产生病例达到68305。死亡病例中，876人死于今年4月开始的第二波疫情。公众可登录http://bit.ly/3vE2ZBb查看确诊病例详细位置和热力图。卫生部还开通了疫苗接种热力图网站，公众可以登陆http://bit.ly/3h2JfCZ了解实时、详细的疫苗接种情况。截至2022年11月24日，斐济共有95.4%的成人（59.0万人）完全接种了疫苗，104.1%（原文数据）的成人（64.4万人）完成了第一针疫苗的接种。15至17岁的儿童共有32689名完全接种了疫苗，39337名完成了第一针疫苗的接种。12至14岁的儿童共有17298名完全接种了疫苗,,411,其他,Not mentioned,病例 疫苗 接种 确诊 11月 ,,"http://mp.weixin.qq.com/s?__biz=MjM5NjM1OTI1Nw==&mid=2649227464&idx=4&sn=73ab3f6989ce7c0fc720cc068e8cecca&chksm=bef6ddfe898154e8dde8b5601f4bf25d858a2ada83792032877ade3b9b207ab739a615f1220a#rd,1671785289
",2022.11.27
252,斐济日报第2026期 2022年11月19日出版,斐济日报电子报每周六同步更新至“南太之声”App，微信公众号在次周一发布。新货到！本公司从韩国直接进口各类产品：方便面（辛拉面、炸酱面、安城汤面等）、韩国辣酱、各类酱料、食用油、各种口味海苔、韩国饮料（大小包装均有）、速溶咖啡、听装咖啡、多种类韩国品牌面膜、菲诗小铺洗面奶等。本批次产品销售均为批发价，欢迎来电咨询。=======================================================2022年11月19日出版斐济日报电子报本篇文章版权归斐济日报所有，未经授权许可，其他媒体不得转载。如需转载或改编，请联系斐济日报新媒体事业部。邮箱：fijidaily@gmail.com,,307,其他,韩国,日报 韩国 2022年 11月 19日 ,无,"http://mp.weixin.qq.com/s?__biz=MjM5NjM1OTI1Nw==&mid=2649227383&idx=7&sn=02f4279fec30752e5a9f0f424ff88793&chksm=bef6dd4189815457bb3d3c5501a4e1ca00adb0df60a43ac38eaf2f81e1b9f8032570828f8f14#rd,1671267011
",2022.11.22
253,【快讯】2022年11月17日斐济共新增5例新冠确诊病例,今日共16名患者康复，自2020年3月19日确诊首个病例以来，斐济现有活跃病例79个，共记录了68307个病例，其中66351人康复，878人死亡。2021年4月出现的新一波疫情产生病例达到68237。死亡病例中，876人死于今年4月开始的第二波疫情。公众可登录http://bit.ly/3vE2ZBb查看确诊病例详细位置和热力图。卫生部还开通了疫苗接种热力图网站，公众可以登陆http://bit.ly/3h2JfCZ了解实时、详细的疫苗接种情况。截至2022年11月16日，斐济共有95.4%的成人（59.0万人）完全接种了疫苗，104.1%（原文数据）的成人（64.4万人）完成了第一针疫苗的接种。15至17岁的儿童共有32513名完全接种了疫苗，39085名完成了第一针疫苗的接种。12至14岁的儿童共有17252名完全接种了疫苗,28103名完成了第一针疫苗的接种.卫生部表示，所有出现轻微症状的患者将无需进行拭子检测，患者应立即进行自我居家隔离14天。COVID-19的初步症状包括以下任意一项：咳嗽、流鼻涕、鼻塞、打喷嚏、疲劳/极度疲倦、味觉或嗅觉丧失、头痛、身体疼痛、喉咙痛、发烧、腹泻、眼睛发红（结膜炎）、皮疹等。患者隔离期间，也应与家人保持相互隔离。如症状转为较为严重的COVID-19症状，诸如呼吸困难，胸部持续疼痛或出现压迫感，严重的持续数天的头痛，嗜睡或难以保持清醒，皮肤、嘴唇或指甲床呈苍白、灰色或蓝色等，应立即前往以下指定医疗机构：CWM医院（苏瓦）、瑙苏里卫生中心（瑙苏里）、崴泥波卡西医院（瑙苏里）。如公众交通不便也可拨打165热线向卫生部寻求帮助。如果出现症状的患者为50岁以上、患有其它基础疾病或属于特殊情况，如糖尿病、心脏病、肾病、哮喘、肥胖、或怀孕群体，则需要立即联系筛查诊所，确诊后卫生部将派遣医疗团队即时护理。此外，对于需要正式休假的有症状的工人，需要到最近的筛查诊所接受检测并获取14天居家隔离的证明；出现症状的工人也可以在卫生部许可范围内的全科医生处获得14天居家隔离的证明。鉴于轻症患者无需强制接受拭子检测，所以预计每日确诊数量及确诊率都将持续下降。但该数据并非代表真实情况，斐济日报提醒华侨华人，请避免不必要的外出，社会日常活动中或存在大量无症状感染者或轻症患者，避免与其他人接触才能够从根源上避免传染。同时也敦促华侨华人根据自身出行计划，选择接种本地疫苗。如无重大消息，“斐济日报”微信公号及“南太之声”App将继续更新每日疫情确诊病例信息，但不再单独向微信群内推送，欢迎公众下载“南太之声”App获取更多斐济和南太岛国新闻资讯。斐济华侨华人抗疫信息平台已在“南太之声”app和“斐济日报”微信公号同步上线，平台可为华人提供紧急求助、物资调配以及互助小组登记等服务。中国驻斐使馆全体领保协助志愿者已经将信息更新到平台中准备随时为华侨华人服务。需要发布求助信息的华侨华人可直接在斐济日报微信公号留言，或拨打志愿者电话。由于分享阅读数量过多或可导致社交媒体平台屏蔽本条新闻，欢迎下载南太之声App获取全面的最新消息。当前，斐济新冠肺炎疫情依然十分严峻，斐济政府继续采取严格的疫情防控措施，提倡居家办公、减少出行。为最大限度降低因办理领事证件而产生的涉疫情风险，中国驻斐济使馆从即日起暂停所有非紧急领事证件服务，直至另行通知。此前已经递交的申请不受影响，但办理时间将适当延长。如确有重大紧急事由，请通过电子邮箱consulate_fji@mfa.gov.cn预约特急证件服务，并在邮件中注明姓名、证件类型、紧急事由及联系方式。未经预约，不予受理。有关办证须知请参见使馆网站：http://fj.chineseembassy.org/chn/lsfw/。同时，使馆已开通“中国领事APP”线上办理护照、旅行证功能，在斐中国公民申请护照、旅行证将无需申请人来使馆办理，请及时关注中国驻斐济使馆网站、微信公众号相关通知。,370,其他,Not mentioned,病例 疫苗 接种 确诊 共有 ,WHO,"http://mp.weixin.qq.com/s?__biz=MjM5NjM1OTI1Nw==&mid=2649227354&idx=1&sn=6b1ef8de07abb8d5c8dc766d2a7992df&chksm=bef6dd6c8981547a0fb51bf0ed3dc2d8c60176bc327e9939bb28a4947cebca5b4cdb33fa18df#rd,1671178979
",2022.11.19
259,“新官上任三把火” 瓦国总理提出这些改革举措,瓦努阿图新政府近日致力于提高最低工资。这是新总理卡尔萨考（Ishmael Kalsakau）提出的优先事项之一。瓦努阿图《瓦国日报》12日报道，他说：“自新冠肺炎疫情和俄乌冲突以来，瓦努阿图遭受了沉重打击，人民遭受了巨大痛苦。我的政府致力于结合《价格控制法》提高最低工资。另一方面，我们的工人最近成为违反《就业法》《健康与安全法》以及《最低工资法》的受害者。”卡尔萨考指出，“物价飙升迫使雇主从国外招聘廉价劳动力，导致我们有能力的劳动力失业。因此，我们工会必须得到支持和加强，使他们能够有效地为工人争取权利。”公共部门改革作为政府最大和唯一的雇主，公共服务部门成为首选的雇主。然而，卡尔萨考承认，由于公务员任命中日益严重的裙带关系和缺乏公正性，毕业生和有能力的公民一直在寻找政府系统之外的更多机会。他说：“这种做法是一种疾病，已经影响到绩效和向基层提供服务。所以为了保持公务员队伍的廉洁，我的政府将调查和废除不正当的任命，完成和实施政府机制的检讨，检讨和改革公务员队伍以加强绩效管理，并审查车辆和住房政策。”公民的程序卡尔萨考表示，瓦努阿图经济在疫情期间受到了严重打击。“许多人失去了工作，依靠劳动力流动计划来维持家庭。公民计划在维持我们的经济方面发挥了重要作用。但现在的问题是，由于欧盟取消了签证豁免，导致我们的收入大幅下降。本届政府将努力满足欧盟的所有要求，并通过实施2019年提出的审查建议，弥补现有计划的缺陷和失败。”（周晓编译）,,619,其他,瓦努阿图 俄罗斯 欧盟,政府 瓦努阿图 卡尔萨考 提出 改革 ,欧盟 劳动力流动计划 价格控制法 就业法 健康与安全法 最低工资法,"http://mp.weixin.qq.com/s?__biz=MjM5NjM1OTI1Nw==&mid=2649227354&idx=7&sn=38d1af3d7f0edaef906b8dfc9576cea6&chksm=bef6dd6c8981547af87f3d247c434d70cc5215684ca234c039d1c9705a7f2ac2154ccaf41a9a#rd,1671178979
",2022.11.15
265,斐济日报第2025期 2022年11月12日出版,斐济日报电子报每周六同步更新至“南太之声”App，微信公众号在次周一发布。新货到！本公司从韩国直接进口各类产品：方便面（辛拉面、炸酱面、安城汤面等）、韩国辣酱、各类酱料、食用油、各种口味海苔、韩国饮料（大小包装均有）、速溶咖啡、听装咖啡、多种类韩国品牌面膜、菲诗小铺洗面奶等。本批次产品销售均为批发价，欢迎来电咨询。=======================================================2022年11月12日出版斐济日报电子报本篇文章版权归斐济日报所有，未经授权许可，其他媒体不得转载。如需转载或改编，请联系斐济日报新媒体事业部。邮箱：fijidaily@gmail.com,,307,其他,韩国,日报 韩国 2022年 11月 12日 ,无,"http://mp.weixin.qq.com/s?__biz=MjM5NjM1OTI1Nw==&mid=2649227305&idx=2&sn=9ea5cbc325dd83ed1b4a8fdc94dba1de&chksm=bef6dd1f89815409c97f6d9416f1ef7f60c5b4cfb244ae98ae44e9597678a74fbbe4cba942a5#rd,1670825600
",2022.11.8
298,澳政府发布预算案 增大为太平洋伙伴援助,澳大利亚阿尔巴尼斯政府10月25日公布首份预算案，按此前报道，为了加强澳大利亚在太平洋地区的存在感，政府将为太平洋地区投入额外的10亿澳元（约合6.28亿美元）的安全援助资金，数额几乎是工党在大选期间承诺的二倍。太平洋岛屿新闻协会10月21日援引《悉尼晨锋报》报道，其中包括建立一个澳大利亚—太平洋防务学校，培训太平洋防务和安全部队，以及建立一个新的澳大利亚边境部队军官太平洋网络。澳大利亚广播公司将获得额外资金，用于制作节目并在整个地区传播。澳政府将花费5000万澳元（约合3192万美元），支持澳大利亚联邦警察在所罗门群岛的部署工作。澳外长黄英贤（Penny Wong）表示，“我们的援助将帮助我们的地区伙伴增强经济韧性，发展关键基础设施，并提供自己的安全保障。”（萨琳编译）,,340,其他,澳大利亚 太平洋地区 美国 所罗门群岛,太平洋 澳大利亚 政府 地区 援助 ,太平洋岛屿新闻协会 澳大利亚联邦警察 澳大利亚—太平洋防务学校 澳大利亚边境部队军官太平洋网络,"http://mp.weixin.qq.com/s?__biz=MjM5NjM1OTI1Nw==&mid=2649227219&idx=5&sn=c52f25f2474dd4ec917d9c39102d5078&chksm=bef922e5898eabf3203eb82f23c06e77574d0592482a33934be472aa66a72bfa2e6ffbcb2f89#rd,1669972851
",2022.10.22
300,无国界医生组织在基里巴斯启动医疗人道主义援助项目,无国界医生组织（MSF）近日已开始在基里巴斯提供医疗人道主义援助，因为气候变化加剧了该国的健康风险。太平洋岛屿新闻协会援引无国界医生组织报道，10月19日，MSF与基里巴斯签署了一份谅解备忘录，以提供侧重于孕产妇和新生儿健康的医疗服务。基里巴斯卫生和医疗服务部长艾汀特昂（Tinte Itinteang）博士在MSF悉尼办公室发表讲话:“这项协议标志着MSF和基里巴斯之间伙伴关系的一个惊人的里程碑。我们期待着富有成效的合作，以改善基里巴斯民众的健康成果，他们的健康面临许多挑战，包括气候变化的影响。”MSF在基里巴斯的第一个项目将在塔拉瓦岛（Tarawa）以及偏远的外岛提供援助，目的是支持初级保健能力，重点关注孕产妇和新生儿健康以及妊娠期间的非传染性疾病，通过改善基础设施（可持续能源、水、废物管理）促进改善二级护理，并通过培训和临床支持促进改善新生儿情况。据悉，太平洋区域75%的死亡是由非传染性疾病造成的，这些疾病被认为是基里巴斯健康问题的主要原因。特别是糖尿病和高血压，对人口有重大影响，可能导致婴儿死亡率高。基里巴斯是该区域新生儿死亡率最高的国家之一，也是世界上新生儿健康状况最差的国家之一（每1000名活产婴儿中有39人死亡，而澳大利亚只有3人死亡）。基里巴斯的最高点仅高于海平面3米，由于其独特的地理位置，气候变化正在加剧现有的健康问题，这被称为“乘数效应”。（萨琳编译）,,594,其他,基里巴斯 澳大利亚,基里巴斯 健康 MSF 新生儿 医疗 ,无国界医生组织,"http://mp.weixin.qq.com/s?__biz=MjM5NjM1OTI1Nw==&mid=2649227219&idx=7&sn=7dcf3f80d6b5b3496cbbff5306813fdd&chksm=bef922e5898eabf37d7f0e1f2f9f1e6a08a775889d733e187e7d3255eea462ff2f3de4876647#rd,1669972851
",2022.10.22
321,公众因看不懂中文说明担忧药品使用 所国卫生局回应,所罗门群岛卫生和医疗服务部(MHMS)近日对公众在社交媒体上对中国标签药品提出的担忧做出了回应。所罗门群岛《所罗门时报》12日报道，公众提出的主要担忧之一是由于这种药品是用外语书写的，因此在使用时存在风险。那些在社交媒体上上传中国制造药品照片的人表示，包装内的说明书也是中文的。MHMS在一份新闻声明中证实，这些中国标签药品是中国捐赠的医疗药品。声明中写道，“这些药物列入国家基本药物清单中，并由所罗门群岛国家药物和治疗委员会(NMTC)批准在国内使用。该委员会负责评估、批准或不批准包括疫苗在内的医疗药品在该国的使用。”另外，声明中还提到，“这些中国捐赠的药品大多在包装上有英文标签和说明，如果有任何不确定的地方，建议所有临床人员、医生和护士与国家转诊医院(NRH)的医疗团队联系确认。”据悉，NRH的患者在社交媒体上上传的几张照片显示，中国捐赠的药品实际上有英文标签，但说明书是中文的。而在医疗用品持续短缺的情况下，在医疗行业充分了解中国合作伙伴是很重要的，尤其当这类药品是捐赠的，而且（这种捐赠）有可能还会持续下去。（周晓编译）,,467,其他,所罗门群岛 中国,药品 中国 医疗 捐赠 使用 ,所罗门群岛国家药物和治疗委员会(NMTC) 国家转诊医院(NRH),"http://mp.weixin.qq.com/s?__biz=MjM5NjM1OTI1Nw==&mid=2649227037&idx=2&sn=30a5c9d9129fe8ad731eb7684bd05635&chksm=bef9222b898eab3d6dc358a7ed0859c54152334abb62582df475659ab4dbbff096b056067eae#rd,1668853499
",2022.10.15
323,汤加火山爆发对土壤有何影响？土壤科学家组队调查,【南太之声编译报道】一组来自太平洋共同体（SPC）、澳大利亚和汤加的土壤科学家近日已经着手调查今年1月发生在汤加附近的Hunga-Ha'apai火山爆发所造成的火山灰沉降和海啸的影响。汤加Matangi新闻网10月8日报道，由新西兰外交和贸易部与新西兰土地保护研究中心合作资助的土壤调查项目，让土壤专家在汤加塔普岛（Tongatapu）和尤亚岛（Eua）的范围里活动，从25个历史遗址和9个海啸影响地区收集了100多个核心土壤样本。研究小组还进行了实地土壤测试，以确定土壤养分情况。SPC土地资源司土壤科学家阿兰姆（Ellen Iramu）说：“我们正试图通过比较太平洋土壤门户网站（PacSoP）中保存的一些较早的土壤数据，来研究海啸的盐分是如何影响土壤的，以及自火山爆发以来土壤是如何变化的。我们还想通过汤加农业、森林及食品部和MORDI汤加信托提供一些建议，关于农民可以做些什么来改善他们的可持续生产实践。”MORDI汤加信托首席执行官帕托罗（Soane Patolo）表示：“一旦土壤分析数据结果出来，我们将发挥我们的作用，用农民容易理解的语言传播这一重要信息，并帮助他们掌握正确的科学知识，提高农业生产力。”（萨琳编译）,,515,其他,澳大利亚 汤加 新西兰,土壤 汤加 影响 爆发 科学家 ,太平洋共同体（SPC） 新西兰外交和贸易部 新西兰土地保护研究中心 MORDI汤加信托,"http://mp.weixin.qq.com/s?__biz=MjM5NjM1OTI1Nw==&mid=2649227037&idx=5&sn=0d1e90a69b1f0abdd295cc74d72923ef&chksm=bef9222b898eab3dcd1894138b5b5f8b97a30775d8fc73847bc18178432affa99a3a134bd50d#rd,1668853499
",2022.10.12
357,受到好评 瓦努阿图上线电商平台Maua,【南太之声编译报道】近日瓦努阿图推出的电子商务应用Maua受到欢迎，因为它符合该国电子商务战略和发展国家数字经济的路线图。《瓦国日报》17日报道，自2018年以来，该平台在萨摩亚被广泛使用，支持了该国新冠疫情后的经济复苏，现在已扩展到瓦努阿图，以手机应用程序形式和网站形式将客户和卖家聚集在一个在线市场。据创立了Maua的SkyEye太平洋有限公司首席执行官兼董事长萨利（Sam Saili）称，在萨摩亚有超过200家活跃的供应商在该平台上进行交易。向瓦努阿图扩张是数字解决方案的自然发展，该公司希望这将有助于推进他们的愿景，即“将技术本地化，为太平洋民众解决问题”。萨利说：“现在，（在萨摩亚）Maua应用程序已经因为它带来的社会影响而具有可持续发展性，我们能够将其适用于瓦努阿图。”公司希望看到瓦努阿图的数字经济以包容和公平的方式发展。萨利补充说:“对买家来说，便利是卖点，他们可以立即找到他们想要的东西，在网上付款，然后让快递送到家里。”据悉，瓦努阿图在今年5月发布了自己的电子商务战略和路线图，该国旅游、贸易、商业部长布鲁（James blue）称该文件将“从根本上改变在该国做生意的性质。”（萨琳编译）,,506,其他,瓦努阿图 萨摩亚,瓦努阿图 该国 平台 Maua 电子 ,答SkyEye太平洋有限公司,"http://mp.weixin.qq.com/s?__biz=MjM5NjM1OTI1Nw==&mid=2649226867&idx=1&sn=35e541e10f441b21df1bf9cd70cbf76a&chksm=bef92345898eaa53efc4b785feb963198e0cb682275b260db9d7aa97b75461899c36d44879a9#rd,1667551686
",2022.9.27
358,一公斤能卖到170美元 瓦努阿图持续扶持香草种植,【南太之声编译报道】香草被认为是最赚钱的农作物之一，每公斤价值超过2万瓦图（约合170美元）。瓦努阿图农业和农村发展部在瓦努阿图技能伙伴关系（VSP）和顾问卢兹（Michael Louze）的合作下，一直在为数位农民举办几次培训和工作坊，帮助他们提高香草豆的质量，以抓住市场机会。瓦努阿图《瓦国日报》17日报道，这些培训已经进行了几年，目前仍在进行中。培训的目的是向农民传授生产高质量香草产品的重要性，以满足国内和国际市场的标准。Aneityum是生产和供应香草豆最多的主要岛屿之一，因为Aneityum的大多数农民都表现出了投资香草生产的兴趣。此外，南方的气候条件有利于香草的种植。目前，瓦努阿图种植的香草原料仍然出口到澳大利亚、新西兰、新喀里多尼亚、法国和美国的国际市场。农业和农村发展部也将在今年12月的第一周在Tanna举办一个香草论坛。所有参加过培训和研讨会的农民也将参加本次论坛。论坛也会吸引香草买家出席。（萨琳编译）,,415,其他,瓦努阿图 澳大利亚 新西兰 新喀里多尼亚 法国 美国,香草 瓦努阿图 农民 培训 种植 ,瓦努阿图技能伙伴关系（VSP）,"http://mp.weixin.qq.com/s?__biz=MjM5NjM1OTI1Nw==&mid=2649226867&idx=2&sn=3cfacdde58838dd10cc7ca547c8cee57&chksm=bef92345898eaa532a2f790e74217f345e2501fd277c51d8207ac40c9ff23e2c9a4bda65ab62#rd,1667551686
",2022.9.27
364,美宣布继续扩大在太平洋地区的军事部署,【南太之声编译报道】美国近日宣布扩大其在太平洋岛屿地区军事存在的计划。太平洋岛屿新闻网站协会网9月16日援引太平洋岛屿时报网报道，美国国务院发言人办公室在一份简报中指出:“美国国防部将探索新的和独特的方法，以加强太平洋地区的安全，帮助他们建设作为安全、独立行为体的能力和复原力。”该简报介绍:“国防部正努力扩大其在该地区的官方代表和安全合作办公室，并努力确保太平洋岛屿在整个部门中的优先地位。”据悉，美国国务院发布了一份长篇概况介绍，以配合9月13日在檀香山东西方中心举行的第十二届太平洋岛屿领导人会议峰会的开幕。美国副国务卿舍曼（Wendy Sherman）率领代表团，与16位太平洋岛屿领导人一起，出席为期3日的太平洋岛屿发展计划召集的峰会。据介绍，美国国防部已与帕劳、密克罗尼西亚联邦和马绍尔群岛等太平洋岛国结成合作伙伴关系，“支持能力建设倡议，以提高海洋领域的意识”。美国国务院还表示:“美国海岸警卫队与伙伴国家合作，通过开展海上执法、保护生命和财产、保护公海航行，并提供人道主义援助来支持太平洋岛国。”该机构补充道:“美国海岸警卫队是印度洋-太平洋地区值得信赖的盟友，并以利用与太平洋岛屿国家的双边乘船协议来支持其合作伙伴为荣。”这些协议使海岸警卫队和美国海军舰艇以及执法人员能够与东道国合作，同时促进东道国“行使其法律法规的主权”。美国国务院指出，在过去十年中，美国在太平洋岛屿地区投资了15亿美元。“根据印度洋-太平洋战略，我们将继续扩大努力，与太平洋岛屿国家和领土合作，应对它们面临的最紧迫挑战，包括经济和环境复原力、水和粮食安全、卫生安全、海洋领域意识，以及加强民主机构和善治。”同时，“通过政府的全球基础设施和投资伙伴关系，我们还将扩大努力，部署安全的数字连接；作为政府的基础国际适应倡议“准备”(PREPARE)的一部分，在该地区建立气候复原力；加强全球卫生系统和卫生安全，并促进性别平等和公平。”在太平洋岛国领导人峰会上，舍曼宣布了几个新计划，这些计划将为治理、人与人之间的计划、气候复原力以及信息和通信技术提供援助。（周晓编译）,,877,其他,帕劳 密克罗尼西亚联邦 马绍尔群岛 美国,太平洋 美国 岛屿 地区 安全 ,印度洋-太平洋战略 太平洋岛屿发展计划 太平洋岛屿领导人会议峰会 全球基础设施和投资伙伴关系 PREPARE 全球卫生系统 性别平等和公平,"http://mp.weixin.qq.com/s?__biz=MjM5NjM1OTI1Nw==&mid=2649226805&idx=1&sn=a20451fd18e500634203e89ea24e2c4d&chksm=bef92303898eaa1556a568211ba7bf5c2f88138353b952bb630057e22fd2f6509a456f63f32e#rd,1667207498
",2022.9.25
368,巴新总理：国企改革可提升业绩,【南太之声编译报道】巴新总理马拉佩（James Marape）近日在他的独立讲话中表示，如果服务业不能可靠地运转，经济就无法发展和进步。对此，国有企业（SOE）的改革将提升业绩。巴布亚新几内亚《国民报》15日报道，马拉佩说：“为了支持我们的经济，我们已经开始对我们的国有企业进行重大改革，以提高它们在服务提供和收入创造方面的整体表现。这些改革旨在确保盈利能力，改善航空业、水、电和电信服务，确保国有企业的独立性，并在董事会中实现性别平衡，以鼓励良好治理。”马拉佩还说，《1992年采矿法》（Mining Act1992）的审查工作已经完成，一旦内阁批准，议会将确保资源所有者、国家和开发商获得公平回报。已经通过的其他修正案包括《矿物资源管理局修正案》（Mineral Resource Authority Amendment Act）和《1992年采矿法》的某些章节，以适应必要的情况。（萨琳编译）,,399,其他,巴布亚新几内亚,改革 马拉佩 国有 企业 已经 ,无,"http://mp.weixin.qq.com/s?__biz=MjM5NjM1OTI1Nw==&mid=2649226795&idx=1&sn=8f237cff9299f794941b81acea7bdde0&chksm=bef9231d898eaa0b6f16def9b17bb74b9cc66f696818d66723d2ab896cb1f15557dcae7b909f#rd,1667033212
",2022.9.24
369,【快讯】2022年9月22日斐济无新增新冠确诊病例,截至9月22日上午8点，卫生部公布了本日无新增新冠确诊病例。无新增死亡报告。今日共16名患者康复，自2020年3月19日确诊首个病例以来，斐济现有活跃病例70个，共记录了68234个病例，其中66290人康复，878人死亡。2021年4月出现的新一波疫情产生病例达到68164。死亡病例中，876人死于今年4月开始的第二波疫情。公众可登录http://bit.ly/3vE2ZBb查看确诊病例详细位置和热力图。卫生部还开通了疫苗接种热力图网站，公众可以登陆http://bit.ly/3h2JfCZ了解实时、详细的疫苗接种情况。截至2022年9月21日，斐济共有95.3%的成人（58.9万人）完全接种了疫苗，104.1%（原文数据）的成人（64.3万人）完成了第一针疫苗的接种。15至17岁的儿童共有32432名完全接种了疫苗，39027名完成了第一针疫苗的接种。12至14岁的儿童共有16866名完全接种了疫苗,27669名完成了第一针疫苗的接种.卫生部表示，所有出现轻微症状的患者将无需进行拭子检测，患者应立即进行自我居家隔离14天。COVID-19的初步症状包括以下任意一项：咳嗽、流鼻涕、鼻塞、打喷嚏、疲劳/极度疲倦、味觉或嗅觉丧失、头痛、身体疼痛、喉咙痛、发烧、腹泻、眼睛发红（结膜炎）、皮疹等。患者隔离期间，也应与家人保持相互隔离。如症状转为较为严重的COVID-19症状，诸如呼吸困难，胸部持续疼痛或出现压迫感，严重的持续数天的头痛，嗜睡或难以保持清醒，皮肤、嘴唇或指甲床呈苍白、灰色或蓝色等，应立即前往以下指定医疗机构：CWM医院（苏瓦）、瑙苏里卫生中心（瑙苏里）、崴泥波卡西医院（瑙苏里）。如公众交通不便也可拨打165热线向卫生部寻求帮助。如果出现症状的患者为50岁以上、患有其它基础疾病或属于特殊情况，如糖尿病、心脏病、肾病、哮喘、肥胖、或怀孕群体，则需要立即联系筛查诊所，确诊后卫生部将派遣医疗团队即时护理。此外，对于需要正式休假的有症状的工人，需要到最近的筛查诊所接受检测并获取14天居家隔离的证明；出现症状的工人也可以在卫生部许可范围内的全科医生处获得14天居家隔离的证明。鉴于轻症患者无需强制接受拭子检测，所以预计每日确诊数量及确诊率都将持续下降。但该数据并非代表真实情况，斐济日报提醒华侨华人，请避免不必要的外出，社会日常活动中或存在大量无症状感染者或轻症患者，避免与其他人接触才能够从根源上避免传染。同时也敦促华侨华人根据自身出行计划，选择接种本地疫苗。如无重大消息，“斐济日报”微信公号及“南太之声”App将继续更新每日疫情确诊病例信息，但不再单独向微信群内推送，欢迎公众下载“南太之声”App获取更多斐济和南太岛国新闻资讯。斐济华侨华人抗疫信息平台已在“南太之声”app和“斐济日报”微信公号同步上线，平台可为华人提供紧急求助、物资调配以及互助小组登记等服务。中国驻斐使馆全体领保协助志愿者已经将信息更新到平台中准备随时为华侨华人服务。需要发布求助信息的华侨华人可直接在斐济日报微信公号留言，或拨打志愿者电话。由于分享阅读数量过多或可导致社交媒体平台屏蔽本条新闻，欢迎下载南太之声App获取全面的最新消息。当前，斐济新冠肺炎疫情依然十分严峻，斐济政府继续采取严格的疫情防控措施，提倡居家办公、减少出行。为最大限度降低因办理领事证件而产生的涉疫情风险，中国驻斐济使馆从即日起暂停所有非紧急领事证件服务，直至另行通知。此前已经递交的申请不受影响，但办理时间将适当延长。如确有重大紧急事由，请通过电子邮箱consulate_fji@mfa.gov.cn预约特急证件服务，并在邮件中注明姓名、证件类型、紧急事由及联系方式。未经预约，不予受理。有关办证须知请参见使馆网站：http://fj.chineseembassy.org/chn/lsfw/。同时，使馆已开通“中国领事APP”线上办理护照、旅行证功能，在斐中国公民申请护照、旅行证将无需申请人来使馆办理，请及时关注中国驻斐济使馆网站、微信公众号相关通知。,407,其他,Not mentioned,病例 疫苗 接种 确诊 9月 ,联合国,"http://mp.weixin.qq.com/s?__biz=MjM5NjM1OTI1Nw==&mid=2649226795&idx=2&sn=eb79803d18e6d0f5a1fa5f4c87940ca8&chksm=bef9231d898eaa0bbc09455d3af8a07916df72fb5ef855751f82f327bd621864ad736fa416e6#rd,1667033212
",2022.9.23
375,【快讯】2022年9月15日斐济共新增2个新冠确诊病例,今日共17名患者康复，自2020年3月19日确诊首个病例以来，斐济现有活跃病例75个，共记录了68223个病例，其中66274人康复，878人死亡。2021年4月出现的新一波疫情产生病例达到68153。死亡病例中，876人死于今年4月开始的第二波疫情。公众可登录http://bit.ly/3vE2ZBb查看确诊病例详细位置和热力图。卫生部还开通了疫苗接种热力图网站，公众可以登陆http://bit.ly/3h2JfCZ了解实时、详细的疫苗接种情况。截至2022年9月14日，斐济共有95.2%的成人（58.9万人）完全接种了疫苗，104%（原文数据）的成人（64.3万人）完成了第一针疫苗的接种。15至17岁的儿童共有32420名完全接种了疫苗，39029名完成了第一针疫苗的接种。12至14岁的儿童共有16727名完全接种了疫苗,27534名完成了第一针疫苗的接种.卫生部表示，所有出现轻微症状的患者将无需进行拭子检测，患者应立即进行自我居家隔离14天。COVID-19的初步症状包括以下任意一项：咳嗽、流鼻涕、鼻塞、打喷嚏、疲劳/极度疲倦、味觉或嗅觉丧失、头痛、身体疼痛、喉咙痛、发烧、腹泻、眼睛发红（结膜炎）、皮疹等。患者隔离期间，也应与家人保持相互隔离。如症状转为较为严重的COVID-19症状，诸如呼吸困难，胸部持续疼痛或出现压迫感，严重的持续数天的头痛，嗜睡或难以保持清醒，皮肤、嘴唇或指甲床呈苍白、灰色或蓝色等，应立即前往以下指定医疗机构：CWM医院（苏瓦）、瑙苏里卫生中心（瑙苏里）、崴泥波卡西医院（瑙苏里）。如公众交通不便也可拨打165热线向卫生部寻求帮助。如果出现症状的患者为50岁以上、患有其它基础疾病或属于特殊情况，如糖尿病、心脏病、肾病、哮喘、肥胖、或怀孕群体，则需要立即联系筛查诊所，确诊后卫生部将派遣医疗团队即时护理。此外，对于需要正式休假的有症状的工人，需要到最近的筛查诊所接受检测并获取14天居家隔离的证明；出现症状的工人也可以在卫生部许可范围内的全科医生处获得14天居家隔离的证明。鉴于轻症患者无需强制接受拭子检测，所以预计每日确诊数量及确诊率都将持续下降。但该数据并非代表真实情况，斐济日报提醒华侨华人，请避免不必要的外出，社会日常活动中或存在大量无症状感染者或轻症患者，避免与其他人接触才能够从根源上避免传染。同时也敦促华侨华人根据自身出行计划，选择接种本地疫苗。如无重大消息，“斐济日报”微信公号及“南太之声”App将继续更新每日疫情确诊病例信息，但不再单独向微信群内推送，欢迎公众下载“南太之声”App获取更多斐济和南太岛国新闻资讯。斐济华侨华人抗疫信息平台已在“南太之声”app和“斐济日报”微信公号同步上线，平台可为华人提供紧急求助、物资调配以及互助小组登记等服务。中国驻斐使馆全体领保协助志愿者已经将信息更新到平台中准备随时为华侨华人服务。需要发布求助信息的华侨华人可直接在斐济日报微信公号留言，或拨打志愿者电话。由于分享阅读数量过多或可导致社交媒体平台屏蔽本条新闻，欢迎下载南太之声App获取全面的最新消息。当前，斐济新冠肺炎疫情依然十分严峻，斐济政府继续采取严格的疫情防控措施，提倡居家办公、减少出行。为最大限度降低因办理领事证件而产生的涉疫情风险，中国驻斐济使馆从即日起暂停所有非紧急领事证件服务，直至另行通知。此前已经递交的申请不受影响，但办理时间将适当延长。如确有重大紧急事由，请通过电子邮箱consulate_fji@mfa.gov.cn预约特急证件服务，并在邮件中注明姓名、证件类型、紧急事由及联系方式。未经预约，不予受理。有关办证须知请参见使馆网站：http://fj.chineseembassy.org/chn/lsfw/。同时，使馆已开通“中国领事APP”线上办理护照、旅行证功能，在斐中国公民申请护照、旅行证将无需申请人来使馆办理，请及时关注中国驻斐济使馆网站、微信公众号相关通知。,367,其他,Not mentioned,病例 疫苗 接种 确诊 共有 ,,"http://mp.weixin.qq.com/s?__biz=MjM5NjM1OTI1Nw==&mid=2649226767&idx=4&sn=081ba0d3eb1e03b241410ef800a6c39b&chksm=bef92339898eaa2fca8eeab76179d44e5e1fe75cfecbe3947e6eae8ba53f8bef9bcd62418ed1#rd,1666940877
",2022.9.22
379,瓦努阿图贸易出口管理升级：出口澳洲农产品须符合多项条件,【南太之声编译报道】瓦努瓦图生物安全代理部长近日警告出口商，向海外市场出口新鲜产品必须遵守生物安全条件。不遵守规定的农产品可能会被销毁。瓦努阿图《瓦国日报》10日报道，农牧业、林业、渔业和生物安全部（MALFFB）代理部长卡尔通加（Bakoa Kaltongga）表示，在确定特定新鲜农产品的市场后，出口商需要以正式和透明的方式正式请求生物安全部提供便利，以便更好地促进和推动贸易往来。卡尔通加在一份声明中强调：“我们在国际市场上的声誉对未来出口市场的可持续性，以及获得进口国的信任非常重要。因此，繁重的责任就落在了我们生物安全部的身上。为此，我们应遵循程序来保障和发展我们的出口市场，并向生物安全部咨询认可的商品清单和我们期望遵守的条件。”卡尔通加指出，“我希望明确，出口到澳大利亚的新鲜农产品必须（符合以下条件）”：-是获准进口到澳大利亚的国家允许品种；-只供人类食用；-无活的病虫害、未受污染的种子、土壤、动物和植物残渣，以及任何其他涉及生物安全的材料；-经出口国家植物保护组织（NPPO-瓦努阿图生物安全）认证，符合进口到澳大利亚的所有要求；-采用清洁、全新、防虫的包装，并贴上明确的标签；-符合澳大利亚的进口食品法规。卡尔通加重申：“我承认在发展新鲜农产品出口途径方面有一个既定的过程，这需要出口途径中的所有参与者与该行业的所有出口商和利益相关者密切协作。为了避免产生疑问，我希望继续明确，向澳大利亚出口新鲜根茎类作物和蔬菜的条件是针对以下农产品指定的。“其中包括：-淡水芋头-鲜山药-木薯-新鲜椰子山药或塔罗维提，生姜和面包果可以以冷冻和干燥的形式出口到澳大利亚。同时他指出：“我已正式指示生物安全部启动与农业、水和环境部（DAWE）发起正式讨论，以建立一条交易渠道，并同意贸易条件。”他补充说，尽管进口国设置了非常高的生物安全制度和严格的生物安全监管要求，瓦努阿图面向海外市场的新鲜农产品出口在最近几年已经逐渐成熟。（周晓编译）,,821,其他,瓦努阿图 澳大利亚,出口 生物 农产品 新鲜 条件 ,MALFFB NPPO DAWE,"http://mp.weixin.qq.com/s?__biz=MjM5NjM1OTI1Nw==&mid=2649226767&idx=8&sn=07f876dff1b9127b11064d7f346fdefb&chksm=bef92339898eaa2ff01292ff68a1a18510c6ba66cde4bdae076eba706cb95d6629cb57dc6c37#rd,1666940877
",2022.9.21
390,改善民生基础服务 所罗门政府推进东马莱塔省道路基建,【南太之声编译报道】所罗门政府近日正通过东马莱塔选区办公室（EMCO）来实施东马莱塔的道路基础设施发展，以改善选民获得基本服务的可及性。这一点在政府经EMCO在该地区兴建的几处新的支线道路基础设施中可见一斑。所罗门群岛《所罗门星报》1日报道，这些新支线道路包括6公里的Baunakunu路（仍在建设中）、4公里的Fauia（仍在建设中）等5条道路。对此，选区工程官员卡瓦利曼努（William Kwalemanu）说：“道路基础设施发挥着关键作用，为人员和货物的有效流动提供灵活性，并为各种各样的社会和经济活动提供便利。”据悉，东马莱塔是该国大多数人居住在内陆的选区之一，道路基础设施和其他政府服务仍然是一个挑战。卡瓦利曼努表示：“所以，我们的目标是帮助生活在内陆的人们获得政府服务，并通过道路基础设施将他们与外界联系起来，这是我们选区办公室发展计划的首要任务之一。”（萨琳编译）,,390,其他,所罗门,道路 基础 政府 设施 服务 ,EMCO,"http://mp.weixin.qq.com/s?__biz=MjM5NjM1OTI1Nw==&mid=2649226696&idx=7&sn=dd9f911cfbda615e53b94c7248776d43&chksm=bef920fe898ea9e868e2520e362be1f5742303c8b826ef0665c98e95e4862b3f82c5f02f5bd4#rd,1666342219
",2022.9.17
394,提高最低工资 巴新政府将解决通胀写入补充预算案,【南太之声编译报道】巴新总理马拉佩（James Marape）近日宣布，政府将在补充预算案中解决通货膨胀问题，并在选举前实施提供的6.1亿基纳（约合1.73亿美元）的援助。巴布亚新几内亚今日巴新网8月30日报道，马拉佩表示，为了应对高通货膨胀率，政府将基本工资水平从1.2万基纳增加到1.75万基纳，其中包括为全国学校提供200基纳的项目费用。“我们还取消了10%的燃料券，如果这还不够，它将无法阻止我们目前正在经历的输入型通胀，但至少我们的政府今天迈出了第一步。”他还说:“在选举之前，我们提供了价值6.1亿基纳的援助，包括那些收入低于1.7万基纳的人。如果我没记错的话，以前的门槛是1.2万基纳，这个数字有所增加。这对于售货员、保安、临时工来说是很低的工资，这些人都处于工资结构的低端。”（萨琳编译）,,352,其他,巴新 巴布亚新几内亚,基纳 工资 政府 提供 巴新 ,联合国,"http://mp.weixin.qq.com/s?__biz=MjM5NjM1OTI1Nw==&mid=2649226642&idx=1&sn=6b48172d52a8b73f16f1a97fd0aa1590&chksm=bef920a4898ea9b2a1fb80699ebd6ea94b853b8185c6c0dcc1608af32e33284037c215e48900#rd,1665901424
",2022.9.16
395,巴新矿业商会：勘探是采矿的关键,【南太之声编译报道】根据巴新矿业与石油商会的数据，资源部门贡献了该国39%的国内生产总值（GDP）。商会副会长萨马尔（Philip Samar）表示，随着现有矿山寿命的结束，勘探对该行业的继续发展至关重要，比如Ok Tedi矿山将于2030年停止运营。巴布亚新几内亚《国民报》2日报道，萨马尔说：“勘探是一项高风险业务，失败率高达99%。每1000个勘探目标中，只有50个能进行进一步勘探，其中只有两个能进行可行性研究，最终只有一个成为矿山。”矿产资源管理局的信息显示，仅在2011年，整个国家就“遍布”了勘探许可证。然而，所有这些活动现在都已枯竭，只有少数几个勘探许可证在2022年运营。对此，萨马尔表示，商会致力于与政府合作，解决鼓励勘探和采矿的关键因素，例如远景预测、明确的法律权威、探矿权和采矿权的使用权保障和可转让性等。（萨琳编译）,,371,其他,巴布亚新几内亚,勘探 商会 只有 萨马尔 矿山 ,巴新矿业商会,"http://mp.weixin.qq.com/s?__biz=MjM5NjM1OTI1Nw==&mid=2649226641&idx=1&sn=7519e92eeaadee8190bea02ea4a98a90&chksm=bef920a7898ea9b1cd3b10d491a8c4bf28eb1db169a57c5b885a087c1bd69f285d9944a15add#rd,1665901187
",2022.9.16
397,【快讯】2022年9月8日斐济共新增7个新冠确诊病例,今日共55名患者康复，自2020年3月19日确诊首个病例以来，斐济现有活跃病例76个，共记录了68207个病例，其中66257人康复，878人死亡。2021年4月出现的新一波疫情产生病例达到68137。死亡病例中，876人死于今年4月开始的第二波疫情。公众可登录http://bit.ly/3vE2ZBb查看确诊病例详细位置和热力图。卫生部还开通了疫苗接种热力图网站，公众可以登陆http://bit.ly/3h2JfCZ了解实时、详细的疫苗接种情况。截至2022年9月6日，斐济共有95.2%的成人（58.9万人）完全接种了疫苗，104%（原文数据）的成人（64.3万人）完成了第一针疫苗的接种。15至17岁的儿童共有32387名完全接种了疫苗，39001名完成了第一针疫苗的接种。12至14岁的儿童共有16653名完全接种了疫苗,27381名完成了第一针疫苗的接种.卫生部表示，所有出现轻微症状的患者将无需进行拭子检测，患者应立即进行自我居家隔离14天。COVID-19的初步症状包括以下任意一项：咳嗽、流鼻涕、鼻塞、打喷嚏、疲劳/极度疲倦、味觉或嗅觉丧失、头痛、身体疼痛、喉咙痛、发烧、腹泻、眼睛发红（结膜炎）、皮疹等。患者隔离期间，也应与家人保持相互隔离。40岁以上出现症状的患者，可选择驾车前往苏瓦市政厅礼堂门前的免下车检测点进行拭子检测。该检测点可在20分钟内获知检测结果。如症状转为较为严重的COVID-19症状，诸如呼吸困难，胸部持续疼痛或出现压迫感，严重的持续数天的头痛，嗜睡或难以保持清醒，皮肤、嘴唇或指甲床呈苍白、灰色或蓝色等，应立即前往以下指定医疗机构：CWM医院（苏瓦）、瑙苏里卫生中心（瑙苏里）、崴泥波卡西医院（瑙苏里）。如公众交通不便也可拨打165热线向卫生部寻求帮助。如果出现症状的患者为50岁以上、患有其它基础疾病或属于特殊情况，如糖尿病、心脏病、肾病、哮喘、肥胖、或怀孕群体，则需要立即联系筛查诊所，确诊后卫生部将派遣医疗团队即时护理。此外，对于需要正式休假的有症状的工人，需要到最近的筛查诊所接受检测并获取14天居家隔离的证明；出现症状的工人也可以在卫生部许可范围内的全科医生处获得14天居家隔离的证明。鉴于轻症患者无需强制接受拭子检测，所以预计每日确诊数量及确诊率都将持续下降。但该数据并非代表真实情况，斐济日报提醒华侨华人，请避免不必要的外出，社会日常活动中或存在大量无症状感染者或轻症患者，避免与其他人接触才能够从根源上避免传染。同时也敦促华侨华人根据自身出行计划，选择接种本地疫苗。如无重大消息，“斐济日报”微信公号及“南太之声”App将继续更新每日疫情确诊病例信息，但不再单独向微信群内推送，欢迎公众下载“南太之声”App获取更多斐济和南太岛国新闻资讯。斐济华侨华人抗疫信息平台已在“南太之声”app和“斐济日报”微信公号同步上线，平台可为华人提供紧急求助、物资调配以及互助小组登记等服务。中国驻斐使馆全体领保协助志愿者已经将信息更新到平台中准备随时为华侨华人服务。需要发布求助信息的华侨华人可直接在斐济日报微信公号留言，或拨打志愿者电话。由于分享阅读数量过多或可导致社交媒体平台屏蔽本条新闻，欢迎下载南太之声App获取全面的最新消息。当前，斐济新冠肺炎疫情依然十分严峻，斐济政府继续采取严格的疫情防控措施，提倡居家办公、减少出行。为最大限度降低因办理领事证件而产生的涉疫情风险，中国驻斐济使馆从即日起暂停所有非紧急领事证件服务，直至另行通知。此前已经递交的申请不受影响，但办理时间将适当延长。如确有重大紧急事由，请通过电子邮箱consulate_fji@mfa.gov.cn预约特急证件服务，并在邮件中注明姓名、证件类型、紧急事由及联系方式。未经预约，不予受理。有关办证须知请参见使馆网站：http://fj.chineseembassy.org/chn/lsfw/。同时，使馆已开通“中国领事APP”线上办理护照、旅行证功能，在斐中国公民申请护照、旅行证将无需申请人来使馆办理，请及时关注中国驻斐济使馆网站、微信公众号相关通知。,366,其他,Not mentioned,病例 疫苗 接种 确诊 共有 ,无,"http://mp.weixin.qq.com/s?__biz=MjM5NjM1OTI1Nw==&mid=2649226641&idx=3&sn=1a001ce89fc22a7fd3721a53a535470f&chksm=bef920a7898ea9b123907b819b09e002cb785e71e087d9ad9be7a5b29af3bb6315c97f20a818#rd,1665901187
",2022.9.15
406,改善民生基础服务 所罗门政府推进东马莱塔省道路基建,【南太之声编译报道】所罗门政府近日正通过东马莱塔选区办公室（EMCO）来实施东马莱塔的道路基础设施发展，以改善选民获得基本服务的可及性。这一点在政府经EMCO在该地区兴建的几处新的支线道路基础设施中可见一斑。所罗门群岛《所罗门星报》1日报道，这些新支线道路包括6公里的Baunakunu路（仍在建设中）、4公里的Fauia（仍在建设中）等5条道路。对此，选区工程官员卡瓦利曼努（William Kwalemanu）说：“道路基础设施发挥着关键作用，为人员和货物的有效流动提供灵活性，并为各种各样的社会和经济活动提供便利。”据悉，东马莱塔是该国大多数人居住在内陆的选区之一，道路基础设施和其他政府服务仍然是一个挑战。卡瓦利曼努表示：“所以，我们的目标是帮助生活在内陆的人们获得政府服务，并通过道路基础设施将他们与外界联系起来，这是我们选区办公室发展计划的首要任务之一。”（萨琳编译）,,390,其他,所罗门,道路 基础 政府 设施 服务 ,EMCO,"http://mp.weixin.qq.com/s?__biz=MjM5NjM1OTI1Nw==&mid=2649226614&idx=8&sn=94fc18d7017131a3a85ca8a1117679b2&chksm=bef92040898ea956552a397fbe1414e3bb696d20c5b6fc9ff203ce1bd1be7d78ebd200f96f28#rd,1665732036
",2022.9.10
410,提高最低工资 巴新政府将解决通胀写入补充预算案,【南太之声编译报道】巴新总理马拉佩（James Marape）近日宣布，政府将在补充预算案中解决通货膨胀问题，并在选举前实施提供的6.1亿基纳（约合1.73亿美元）的援助。巴布亚新几内亚今日巴新网8月30日报道，马拉佩表示，为了应对高通货膨胀率，政府将基本工资水平从1.2万基纳增加到1.75万基纳，其中包括为全国学校提供200基纳的项目费用。“我们还取消了10%的燃料券，如果这还不够，它将无法阻止我们目前正在经历的输入型通胀，但至少我们的政府今天迈出了第一步。”他还说:“在选举之前，我们提供了价值6.1亿基纳的援助，包括那些收入低于1.7万基纳的人。如果我没记错的话，以前的门槛是1.2万基纳，这个数字有所增加。这对于售货员、保安、临时工来说是很低的工资，这些人都处于工资结构的低端。”（萨琳编译）,,352,其他,巴新 巴布亚新几内亚,基纳 工资 政府 提供 巴新 ,无,"http://mp.weixin.qq.com/s?__biz=MjM5NjM1OTI1Nw==&mid=2649226540&idx=1&sn=fab1fec6ca63bbccb1031270ff59cfb0&chksm=bef9201a898ea90caa24a26adf6d4a249ee7e7a56716d605b7a8a7d6eda9b654e4b49fdff601#rd,1665314390
",2022.9.9
411,巴新矿业商会：勘探是采矿的关键,【南太之声编译报道】根据巴新矿业与石油商会的数据，资源部门贡献了该国39%的国内生产总值（GDP）。商会副会长萨马尔（Philip Samar）表示，随着现有矿山寿命的结束，勘探对该行业的继续发展至关重要，比如Ok Tedi矿山将于2030年停止运营。巴布亚新几内亚《国民报》2日报道，萨马尔说：“勘探是一项高风险业务，失败率高达99%。每1000个勘探目标中，只有50个能进行进一步勘探，其中只有两个能进行可行性研究，最终只有一个成为矿山。”矿产资源管理局的信息显示，仅在2011年，整个国家就“遍布”了勘探许可证。然而，所有这些活动现在都已枯竭，只有少数几个勘探许可证在2022年运营。对此，萨马尔表示，商会致力于与政府合作，解决鼓励勘探和采矿的关键因素，例如远景预测、明确的法律权威、探矿权和采矿权的使用权保障和可转让性等。（萨琳编译）,,371,其他,巴布亚新几内亚,勘探 商会 只有 萨马尔 矿山 ,巴新矿业商会,"http://mp.weixin.qq.com/s?__biz=MjM5NjM1OTI1Nw==&mid=2649226539&idx=1&sn=4bb1ce811760a882b8218abae7034fee&chksm=bef9201d898ea90b890df59bd89cb72ba2e2fc5fd3fd53a80c865d9065100db02df88f3a13a7#rd,1665218434
",2022.9.9
413,【快讯】2022年9月8日斐济共新增7个新冠确诊病例,今日共55名患者康复，自2020年3月19日确诊首个病例以来，斐济现有活跃病例76个，共记录了68207个病例，其中66257人康复，878人死亡。2021年4月出现的新一波疫情产生病例达到68137。死亡病例中，876人死于今年4月开始的第二波疫情。公众可登录http://bit.ly/3vE2ZBb查看确诊病例详细位置和热力图。卫生部还开通了疫苗接种热力图网站，公众可以登陆http://bit.ly/3h2JfCZ了解实时、详细的疫苗接种情况。截至2022年9月6日，斐济共有95.2%的成人（58.9万人）完全接种了疫苗，104%（原文数据）的成人（64.3万人）完成了第一针疫苗的接种。15至17岁的儿童共有32387名完全接种了疫苗，39001名完成了第一针疫苗的接种。12至14岁的儿童共有16653名完全接种了疫苗,27381名完成了第一针疫苗的接种.卫生部表示，所有出现轻微症状的患者将无需进行拭子检测，患者应立即进行自我居家隔离14天。COVID-19的初步症状包括以下任意一项：咳嗽、流鼻涕、鼻塞、打喷嚏、疲劳/极度疲倦、味觉或嗅觉丧失、头痛、身体疼痛、喉咙痛、发烧、腹泻、眼睛发红（结膜炎）、皮疹等。患者隔离期间，也应与家人保持相互隔离。40岁以上出现症状的患者，可选择驾车前往苏瓦市政厅礼堂门前的免下车检测点进行拭子检测。该检测点可在20分钟内获知检测结果。如症状转为较为严重的COVID-19症状，诸如呼吸困难，胸部持续疼痛或出现压迫感，严重的持续数天的头痛，嗜睡或难以保持清醒，皮肤、嘴唇或指甲床呈苍白、灰色或蓝色等，应立即前往以下指定医疗机构：CWM医院（苏瓦）、瑙苏里卫生中心（瑙苏里）、崴泥波卡西医院（瑙苏里）。如公众交通不便也可拨打165热线向卫生部寻求帮助。如果出现症状的患者为50岁以上、患有其它基础疾病或属于特殊情况，如糖尿病、心脏病、肾病、哮喘、肥胖、或怀孕群体，则需要立即联系筛查诊所，确诊后卫生部将派遣医疗团队即时护理。此外，对于需要正式休假的有症状的工人，需要到最近的筛查诊所接受检测并获取14天居家隔离的证明；出现症状的工人也可以在卫生部许可范围内的全科医生处获得14天居家隔离的证明。鉴于轻症患者无需强制接受拭子检测，所以预计每日确诊数量及确诊率都将持续下降。但该数据并非代表真实情况，斐济日报提醒华侨华人，请避免不必要的外出，社会日常活动中或存在大量无症状感染者或轻症患者，避免与其他人接触才能够从根源上避免传染。同时也敦促华侨华人根据自身出行计划，选择接种本地疫苗。如无重大消息，“斐济日报”微信公号及“南太之声”App将继续更新每日疫情确诊病例信息，但不再单独向微信群内推送，欢迎公众下载“南太之声”App获取更多斐济和南太岛国新闻资讯。斐济华侨华人抗疫信息平台已在“南太之声”app和“斐济日报”微信公号同步上线，平台可为华人提供紧急求助、物资调配以及互助小组登记等服务。中国驻斐使馆全体领保协助志愿者已经将信息更新到平台中准备随时为华侨华人服务。需要发布求助信息的华侨华人可直接在斐济日报微信公号留言，或拨打志愿者电话。由于分享阅读数量过多或可导致社交媒体平台屏蔽本条新闻，欢迎下载南太之声App获取全面的最新消息。当前，斐济新冠肺炎疫情依然十分严峻，斐济政府继续采取严格的疫情防控措施，提倡居家办公、减少出行。为最大限度降低因办理领事证件而产生的涉疫情风险，中国驻斐济使馆从即日起暂停所有非紧急领事证件服务，直至另行通知。此前已经递交的申请不受影响，但办理时间将适当延长。如确有重大紧急事由，请通过电子邮箱consulate_fji@mfa.gov.cn预约特急证件服务，并在邮件中注明姓名、证件类型、紧急事由及联系方式。未经预约，不予受理。有关办证须知请参见使馆网站：http://fj.chineseembassy.org/chn/lsfw/。同时，使馆已开通“中国领事APP”线上办理护照、旅行证功能，在斐中国公民申请护照、旅行证将无需申请人来使馆办理，请及时关注中国驻斐济使馆网站、微信公众号相关通知。,366,其他,Not mentioned,病例 疫苗 接种 确诊 共有 ,无,"http://mp.weixin.qq.com/s?__biz=MjM5NjM1OTI1Nw==&mid=2649226539&idx=3&sn=e4e713782b85b982eb24ba426b698a8a&chksm=bef9201d898ea90baef3eda137cf3bccbfdbe4cb92afdedb981b9ae70f59437db46477628bce#rd,1665218434
",2022.9.9
