,Title,Context,Length,Category,Countries mentioned,Top5-Hot-Words,Organizations,Release Date,Unnamed: 0,URL
3,美国总统首访巴新 拜登5月22日抵莫尔兹比港,【南太之声编译报道】巴布亚新几内亚总理马拉佩（James Marape）近日表示，美国总统拜登（Joe Biden）将于5月22日访问巴布亚新几内亚。巴新《国民报》5月1日报道，拜登将在莫尔兹比港停留三个小时，期间与马拉佩举行会谈。马拉佩没有透露他们将讨论哪些问题。但他说，拜登还将会见太平洋岛国论坛的18位领导人，他们将于5月22日在莫尔兹比港参加印度洋-太平洋岛屿合作论坛。印度总理莫迪届时也将访问巴新。马拉佩说:“巴新已经准备好接待拜登和莫迪。”他说，巴新和太平洋地区不能再被忽视。“由于我们的森林和海域加在一起，我们拥有世界上最大的碳汇，以及最大的海域和空域。随着气候变化影响我们的生活方式和经济，我们的生存也面临着最大的威胁。”他还指出，“我有幸在纽约和华盛顿与拜登进行了一对一的会谈，两次我都邀请他访问巴新。我很荣幸他履行了访问我国的承诺。”巴新外长特卡琴科（Justin Tkatchenko）说，拜登将停留三个小时，会见太平洋岛国领导人。然后，他将举行双边会谈，并宣布一些重要消息。特卡琴科说:“从那里，他将前往澳大利亚，在那里他将会见印度、日本和澳大利亚的领导人。”这是美国总统首次访问这个太平洋岛国。特卡琴科指出，“这将在加强与美国的双边和外交关系以及加强太平洋地区方面发挥重要作用。”,553,旅游,美国 巴布亚新几内亚 印度 日本 澳大利亚,巴新 拜登 太平洋 访问 美国 ,印度洋-太平洋岛屿合作论坛 联合国 亚太计划,2023.5.7,7,http://mp.weixin.qq.com/s?__biz=MjM5NjM1OTI1Nw==&mid=2649228884&idx=5&sn=2419dcbcce60e1477162cd8bc702412a&chksm=bef6db6289815274aebacf75dfa7e312007c669c21b2e5d92c3d264cbcdc7849e408b36bae18#rd
5,定了！第52届太平洋岛国论坛领导人会议日期和主题公布,图为第52届太平洋岛国论坛领导人会议（PIFLM52）的主题和召开日期确定。（图/太平洋岛屿新闻协会网站截图）【南太之声编译报道】库克群岛政府近日宣布，将于2023年11月6日至10日在拉罗汤加岛主办第52届太平洋岛国论坛领导人会议（PIFLM52），主题为“我们的声音，我们的选择，我们的太平洋之路：促进、合作、繁荣”。库克群岛政府官网5月2日报道，库克群岛总理布朗（Mark Brown）作为PIFLM52的主席和东道主，对即将举行的论坛表示兴奋，他说:“举办太平洋岛国论坛领导人会议对库克群岛和我们太平洋地区来说是一件重要的事情。”布朗指出，“我们一直在进行广泛的规划和咨询，以确保我们的主题能够激励和增强我们的领导人聚会，我们的主办安排和设施为我们的太平洋领导人和太平洋地区的合作伙伴的讨论提供了有利的环境。”他继续说：“我们的主题代表了太平洋民众的集体声音和愿望，强调了促进我们独特的太平洋之路，建立牢固的伙伴关系和推动我们地区繁荣的重要性。”为了促进与会者之间的沟通和协调，库克群岛政府通过外交和移民部作为PIFLM52的国家协调员，开发了一个专门的网站www.piflm52.com，其中将包含论坛的相关信息，包括关键日期、联系信息、新闻更新和后勤细节。PIFLM52的官方会徽以库克群岛的文化遗产和自然环境为特色，代表了太平洋地区的团结和多样性。PIFLM52举办日期的确定考虑了太平洋领导人已经定好的国际日程安排、往返库克群岛的航班以及住宿情况。,632,旅游,库克群岛 拉罗汤加岛,太平洋 领导人 库克 群岛 论坛 ,太平洋岛国论坛,2023.5.5,9,http://mp.weixin.qq.com/s?__biz=MjM5NjM1OTI1Nw==&mid=2649228857&idx=1&sn=4e3f19c2f0d2b1d1c8cc13dd047b5b45&chksm=bef6db0f898152194df82093330645f5686317c82f999607f9b5e5d9956b461acf1ae2d340f3#rd
7,重振南太平洋巡航 首批游艇即将返回汤加,【南太之声编译报道】“重振南太平洋巡航”的南太平洋航行网络会议于4月26日至27日在新西兰奥克兰的奥拉姆海洋公园举行。会议的目标是与南太平洋游艇有关的海事当局、个人、组织和企业讨论如何在南太平洋边境重新开放的情况下建立一个有弹性的航运业。汤加matangi网5月1日报道，汤加旅游部首席执行官兼旅游局（TTAB）代理总经理塔考（Viliami Takau）与来自Vava'u船坞的凯撒（Joe Caesar）一起介绍了汤加游艇业的发展情况。约40名代表参加了会议，包括太平洋旅游组织、瓦努阿图旅游局、斐济、塔希提、新西兰、汤加旅游局、市场发展基金（MDF）和海关代表。塔考还参观了新西兰旺格雷和岛屿湾的游艇码头，以更好地了解太平洋游艇行业的性质及其对汤加复苏和经济发展的潜力。塔考说，“游艇行业包括超级游艇，并有潜力成为汤加最大的旅游收入之一，通过提供游艇、船只维护和船只储存等等。据估计，未来一年乘坐游艇入境的人数将远远超过疫情前。”汤加的参与是在市场发展基金的支持下实现的，该基金将通过资助汤加的第一个游艇战略来支持汤加的旅游业。汤加旅游局也正在就汤加的市场品牌化问题与市场发展基金进行最后的讨论，并有可能为其他旅游举措提供进一步的技术援助和支持。汤加正准备迎接边境重开以来的首次游艇拉力赛。首批游艇将于5月18日开始抵达，约有30艘游艇已确认（参与）。估计至少有100名（乘坐）游艇的游客将访问汤加。拉力赛将首先前往努库阿洛法，然后向北巡游到哈帕伊和瓦瓦乌。大多数游艇将在汤加停留近两个月，然后启航前往斐济。与此同时，汤加旅游局将举办欢迎活动，纪念自边境重开以来的首次游艇拉力赛。,693,旅游,新西兰 瓦努阿图  塔希提 汤加,汤加 游艇 太平洋 旅游局 发展 ,南太平洋航行网络会议 瓦努阿图旅游局 斐济 塔希提 新西兰 汤加旅游局 市场发展基金（MDF） 海关,2023.5.4,11,http://mp.weixin.qq.com/s?__biz=MjM5NjM1OTI1Nw==&mid=2649228857&idx=3&sn=b1f2a0d49b5bd8c60872949064d0daf6&chksm=bef6db0f898152190d2fc3e009e2edda1b6ea0256589672244da96b263119064d631fbea4e0d#rd
11,旅客注意！因麻疹肆虐 该岛国宣布进入公共卫生紧急状态,【南太之声编译报道】美属萨摩亚24日在发现1例麻疹确诊病例和31例疑似病例后宣布进入公共卫生紧急状态。新西兰RNZ报道，当地时间24日晚上，总督莫利加（Lemanu Peleti Mauga）宣布，该状态将于5月24日解除。政府和卫生部现已获授权，利用一切必要权力遏制和防止麻疹的进一步蔓延。全国至此进入紧急状态。包括社区学院在内的所有学校都将停课三周，学校将使用在线和远程学习。如果有人接触过麻疹病例，卫生部有权在不通知的情况下将其隔离长达21天。美属萨摩亚流行病学家阿内西（Scott Anesi）表示，疑似病例的血液检测已于25日晚送往夏威夷，应在72小时内返回。阿内西指出，现在是“一场等待的游戏”。他说：“我们将根据得到的结果来制定应对措施，但在那之前，我们仍在积极开展大规模疫苗接种运动，当前的应对措施仍在积极进行。”他说，重点是让1岁及以上儿童的疫苗接种率达到100%，并使全国的疫苗接种率达到95%。作为应对措施的一部分，麻疹、腮腺炎和风疹（MMR）的首次接种剂量已从一年降低至6个月。另外，政府已向邻国和国际合作伙伴发出旅行通知，向它们通报了确诊和潜在病例。阿内西说，他不知道邻国实施了哪些任何旅行限制，这是由他们自己决定的。他说:“作为旅行建议的一部分，我们要求那些正在考虑入境或已经计划入境的人在入境前进行全面免疫接种。”,572,旅游,美属萨摩亚 新西兰 夏威夷,麻疹 病例 状态 宣布 进入 ,联合国 亚太计划,2023.5.3,17,http://mp.weixin.qq.com/s?__biz=MjM5NjM1OTI1Nw==&mid=2649228818&idx=3&sn=b52f8102654fc4cd7f9b2b14aaad026f&chksm=bef6db24898152323374de4f7d17c91d7e757ef5c6c96f2d2aceaadf848b99409829cb0150ef#rd
12,已收到1.6万份申请 所国多省开展季节性流动工人招聘,【南太之声编译报道】所罗门群岛外交和对外贸易部下属的劳动力流动小组（Labour Mobility Unit，以下简称“LMU”）近日在该国3个省开展了招聘活动，目前已共有1.6万多名申请者提交申请。《所罗门星报》24日报道，其中，LMU向泰莫图（Temotu）、马基拉（Makira）和伊莎贝尔（Isabel）省开展的外联和征聘方案共收到申请940份。这3个省是LMU计划中人数不足的省份，是3月和4月期间招聘的目标。在伊莎贝尔省，LMU于3月27日至31日在布阿拉（Buala）进行了为期5天的招聘活动，总共收到了145份申请。3月30日至4月2日，LMU团队在基拉基拉（Kirakira）妇女会馆进行了为期两天半的招聘。在基拉基拉举行的提高认识会议是基于有关太平洋澳大利亚劳动力流动（PALM）计划和认可的季节性雇主（RSE）计划的问题。在基拉基拉招聘活动期间，LMU共成功登记了435名申请人。最后一次招聘和宣传活动于4月11日至14日在泰莫图省的拉塔（Lata）市进行。另外，今年早些时候开展的为期两周的招聘活动得到了热烈的反响，共有15024名申请人通过在线或电子邮件提交了申请。对招聘感兴趣的上述省份的候选人可以将申请材料提交给LMU团队。对护照和无犯罪证明的要求也有所放松。申请人可跟进这些文件的进展，并在晚些时候提交。,568,旅游,所罗门群岛 澳大利亚,招聘 LMU 申请 活动 开展 ,所罗门群岛外交和对外贸易部，LabourMobilityUnit，PALM计划，RSE计划,2023.5.1,18,http://mp.weixin.qq.com/s?__biz=MjM5NjM1OTI1Nw==&mid=2649228818&idx=4&sn=268439de57e31adabb7ea47d3d43060d&chksm=bef6db2489815232ea80514060fc56546d156baa15f59289e15d3c637a01b8569f7c68cb21b3#rd
19,定了！这个东亚国家将于5月与太平洋岛国举行峰会,图为韩国总统府18日表示，总统尹锡悦（Yoon Suk Yeol）将于5月与太平洋岛国领导人举行峰会，讨论如何扩大韩国与该地区的合作。（图/太平洋岛屿新闻协会网站截图）【南太之声编译报道】韩国总统府18日表示，总统尹锡悦（Yoon Suk Yeol）将于5月与太平洋岛国领导人举行峰会，讨论如何扩大韩国与该地区的合作。《韩国时报》报道，首届韩国-太平洋岛国首脑会议将于5月29日至30日在韩国首尔举行，旨在加强该地区岛国之间合作的政府间机构太平洋岛国论坛的18个成员国的领导人都将参加，包括巴布亚新几内亚、斐济、马绍尔群岛共和国、澳大利亚和新西兰等。这将是自去年5月尹锡悦政府上台以来，韩国主办的首次多边首脑会议。韩总统府表示:“即将举行的峰会将标志着我国政府的印太战略开始按地区全面实施，将我们与战略重要性日益提高的太平洋岛国的协商机制提升到最高级别，并根据太平洋岛国的实际需求扩大合作。”,396,旅游,巴布亚新几内亚  马绍尔群岛共和国 澳大利亚 新西兰 韩国,太平洋 岛国 韩国 5月 举行 ,太平洋岛国论坛,2023.4.25,31,http://mp.weixin.qq.com/s?__biz=MjM5NjM1OTI1Nw==&mid=2649228732&idx=2&sn=872083fde576a89737ffbff53b440ac0&chksm=bef6d88a8981519ca2c2d9561711e88e4e9e9c634457b6524bc8605b7ae8f9bb05d8a15bffe4#rd
25,澳大利亚将在这一岛国设立签证处理办公室,【南太之声编译报道】澳大利亚国际发展和太平洋事务部长康罗伊（Pat Conroy）14日宣布在瓦努阿图首都维拉港设立签证处理办公室。《瓦国日报》报道，康罗伊在参观由澳大利亚国防军人员修复的受损建筑时，在Pango Esnar学校的新闻发布会上传达了这一消息。他早些时候与瓦努阿图总理卡尔萨考（Ishmael Kalsakau）进行了讨论，这是二人5个月来的第四次会面，他们讨论了将如何通过瓦努阿图政府的大力宣传来支持签证处理方面的进一步工作。康罗伊还告诉卡尔萨考，一位高级内政官员将于7月设立签证处理办公室。他说:“这是瓦努阿图政府倡导的直接结果，特别是卡尔萨考与我国总理直接对话后，这也是去年12月签署的双边安全协议的初步成果。”他还表示，他与卡尔萨考的讨论还包括气旋灾后恢复、安全安排以及瓦努阿图和澳大利亚如何为和平、稳定和繁荣的太平洋共同努力。然而，他也表示，不幸的是，瓦努阿图是一个受自然灾害影响最严重的国家，正如48小时内发生两次气旋所表明的那样，随着气候变化，迫切需要进一步协调和寻求全球行动，以应对气候变化。,461,旅游,澳大利亚 瓦努阿图,瓦努阿图 澳大利亚 签证 处理 卡尔萨考 ,联合国 亚太计划,2023.4.21,39,http://mp.weixin.qq.com/s?__biz=MjM5NjM1OTI1Nw==&mid=2649228705&idx=4&sn=681846802ac53e1ccccdb953140131c3&chksm=bef6d89789815181685bbd2fac153bdfa4500e06cfbd5bf7c4f9bd9d76e6834d31d819cdd478#rd
39,复活节旅行受影响！瓦努阿图航空继续停运,【南太之声编译报道】在复活节期间，预订瓦努阿图航空机票的乘客将继续面临航班中断，直到本周末晚些时候才能飞往维拉港，因为该航空公司正在等待波音737飞机的零部件。新西兰RNZ4月5日报道，该航空公司4日通过一份声明表示，所有往返澳大利亚和新西兰的航班都已取消，直到本周末（才会恢复）。该航空公司表示:“我们非常遗憾地取消了截至4月7日的所有新西兰和澳大利亚航线的航班。这一声明是在我们等待波音737飞机零部件的最新消息之后发布的。”该公司表示，这些部件是“在美国和澳大利亚波音公司办事处的紧急支持下采购的”，这导致了业务进一步延误。持续的延误意味着前往瓦努阿图的数百名度假者将不得不重新考虑他们的复活节假期旅行计划或完全取消。同时，新西兰航空公司表示，“没有计划”恢复飞往瓦努阿图的航班。7年前，由于担心维拉港国际机场跑道状况“恶化”，新西兰航空暂停了对该国的服务。该航空公司的一位发言人说:“新西兰航空公司专注于恢复我们在疫情前运营的航线的运力，这是首要任务。”,431,旅游,瓦努阿图 新西兰 澳大利亚 美国,航空 公司 新西兰 瓦努阿图 航班 ,美国波音公司 新西兰航空公司,2023.4.8,58,http://mp.weixin.qq.com/s?__biz=MjM5NjM1OTI1Nw==&mid=2649228581&idx=2&sn=c42222efb8b2fbedc82b8120808ae11e&chksm=bef6d81389815105ec8b25e85a6b5fc178544f3e415b05b32891c0474c40297d7e86ac1ee2e2#rd
49,世界上最美丽的火山岩在哪里？快来瓦国最大岛屿——圣灵岛,【南太之声编译报道】瓦努阿图圣灵岛（Espiritu Santo）位于太平洋，是一座风景如画的岛屿，在地质学家和自然爱好者中引起了极大的关注。该岛的地质特别有趣，因为它有各种各样的火成岩，包括安山岩。在这篇文章中，我们将探索安山岩的关键特征和岩石中发现的斑晶。此外，我们将深入研究圣灵岛的构造环境和岛屿的年龄。《瓦国日报》3月25日报道，安山岩是一种火山岩，其化学成分介于玄武岩和长英质岩石之间。它通常形成于俯冲带，岩浆从上层地幔和上层地壳的部分熔化中产生。安山岩通常是灰色或棕色，具有斑状结构，这意味着它们有大的可见晶体或斑晶镶嵌在细粒的地层中。在圣灵岛安山岩中发现的斑晶主要为斜长石和闪长石。这些斑晶使安山岩具有独特的纹理，并促成了其非凡的美感。圣灵岛的构造环境推动了地质活动，塑造了该岛的景观。该岛是瓦努阿图弧（Vanuatu Arc）的一部分，是澳大利亚板块在太平洋板块下俯冲的一个俯冲区。这种俯冲过程产生了上升到地表的岩浆，导致火山活动和安山岩的形成，就像在圣灵岛发现的那样。根据地质研究，圣灵岛的年龄估计在1200万年左右。就矿物成分而言，圣灵岛安山岩主要由斜长石、闪长石、少量辉石和石英组成。这些矿物是由岩浆冷却和凝固形成的，这些岩浆最初以熔岩的形式上升到地表，形成了特有的安山岩质地和矿物成分。综上所述，圣灵岛有着非凡的地质历史，拥有世界上最美丽的安山岩。岩石中巨大的可见晶体或斑晶的存在增加了它们的美丽，并进一步突出了形成岛屿的迷人地质过程。了解圣灵岛的地质状况不仅是欣赏其自然美景的一种令人兴奋的方式，而且还可以深入了解数百万年来塑造它的构造活动。（周晓编译）,690,旅游,瓦努阿图 澳大利亚,圣灵岛 安山岩 地质 斑晶 形成 ,联合国 亚太经合组织 太平洋岛国联盟 太平洋岛国经济合作组织 太平洋岛国环境计划 太平洋岛国可持续发展计划 太平洋岛国气候变化计划 太平洋岛国社会发展计划。,2023.4.2,72,http://mp.weixin.qq.com/s?__biz=MjM5NjM1OTI1Nw==&mid=2649228511&idx=4&sn=a71463905249dba54b4fb42269d11f50&chksm=bef6d9e9898150ff9b89d7f21205003eae460020265f9df2ee2e418cf373d8da74aad429bb7e#rd
53,想到所罗门群岛做研究？可以，但要有许可！,【南太之声编译报道】所罗门群岛政府近日通过环境、气候变化和灾害管理部警告国际研究人员，在该国进行研究之前必须申请许可。《所罗门星报》3月21日报道，这一警告是在有报道称游客前往西部省Rendova岛进行研究后发出的。这是为了让他们遵守国家法律，因为他们会做笔记，并可能在离开该国时带走一些研究对象。该部门的一份声明称:“游客在国内进行任何研究前必须获得政府的许可。”带领游客在Rendova山区徒步旅行的导游澄清说，游客在离开Rendova时没有带走任何来自所罗门群岛的研究对象。“游客知道我们的法律，所以他们会遵守法律，”导游说。导游补充说，他们只是看到了环境和动物，并与导游和护林员多交谈了一些，因为他们在学习中认识了这些动物。这促使该部监督游客在这里从事的行为，不会做出其他未经国家政府许可的工作。该部还警告说，如果任何国际研究人员想要进行研究，他们必须直接向政府申请，政府批准后他们才能进行研究。尽管该部没有阻止国际研究人员赴所罗门群岛进行研究，但他们必须遵守这里的法律。（周晓编译）,446,旅游,所罗门群岛 澳大利亚,研究 进行 游客 所罗门 政府 ,联合国,2023.3.30,76,http://mp.weixin.qq.com/s?__biz=MjM5NjM1OTI1Nw==&mid=2649228510&idx=1&sn=cdc2c4375681707d2c9597f3b28dd7bc&chksm=bef6d9e8898150fed2c22555b850da5a0e0e6f5f133ec4afd5478e3a1f9ecf28792e28e54d5c#rd
56,为保证太平洋运动会的安全，所国要开始抓扒手了……,【南太之声编译报道】所罗门群岛霍尼亚拉市街头反社会行为近日日益增多，为迎接11月和12月举行的太平洋运动会，警方正着手解决这一问题。《所罗门星报》报道，警察专员曼高（Mostyn Mangau）3月23日在他的每周会议上被问及霍尼亚拉手机盗窃案件增加的问题时做出了上述回答。曼高说:“随着街头反社会行为的不断发生，我们正在与其他执法机构制定一项计划，试图遏制霍尼亚拉街头的犯罪率，为太平洋运动会做准备，因此，我们正在考虑处理霍尼亚拉街头的反社会行为问题。”他表示，这不是什么新鲜事，他们实际上已经处理过一些街头扒窃和偷窃手机的问题。“我们设法找回了一些手机，并把它们还给了主人。”他说，一些手机尚未被找回，因为它们要么关机了，要么被锁定。“在某些情况下，我们必须接受法院的命令，并与我们的电信公司联系，锁定被盗手机，使其不能在国内使用。”曼高强调，那些参与这种行为的人必须知道他们无法隐藏，因为有一些程序可以追踪被盗的手机。他还提醒任何购买手机的人都要保管好包装盒。“这个盒子里有重要的信息，如序列号和IMEI号码，服务提供商需要这些信息才能追踪到手机。（周晓编译）,483,旅游,所罗门群岛,手机 街头 行为 问题 一些 ,所罗门群岛警察局,2023.3.29,79,http://mp.weixin.qq.com/s?__biz=MjM5NjM1OTI1Nw==&mid=2649228510&idx=4&sn=5d9a8b97072e8a145cedf35c82438e69&chksm=bef6d9e8898150fe50f10f19ed4f5b89d6756c08b34dc1f35c2e0b9fd29c3523465ca26c73ba#rd
61,瓦国首都这一市场恢复试运营！市场负责人吁商家合理定价,【南太之声编译报道】瓦努阿图维拉港市议会（PVCC）近日提醒该市所有市场供应商，确保他们的商品和农产品定价合理。《瓦国日报》18日报道，这一指示是由维拉港市场负责人瓦特（Sacha Watt）发出的，他说，这是近期海滨市场重新开放时强调的关键信息之一。近期维拉港主要市场恢复服务时，瓦特也向市场供应商重申了同样的信息。他解释说，市场管理层已将摊位费由400瓦图（约合3.42美元）降低至300瓦图（约合2.57美元），这项措施将于本月底生效。他还补充说，如果发现市场供应商对其商品收费过高，将责令其降低价格，并敦促供应商尊重这一决定。目前，市场管理部门正在与Silaevanua市场协会和卢甘维尔的一个市场协会合作，向主要市场供应蔬菜和海岛白菜。另一方面，市场供应商也被提醒，根据气候变化部长发布的命令，市场上禁止出售果蝠和其他鸟类。市场的运营时间为当地时间早上6时到下午5时，让市场供应商有足够的时间准备。瓦特进一步提醒供应商们在去市场之前，在家准备好他们的商品，以避免人群等待。一旦市场恢复满员，市场开放时间将恢复正常。此外，瓦特也向所有人发出邀请，当地餐馆已经开始营业，欢迎大家前来品尝当地厨师烹制的美味佳肴。（周晓编译）,514,旅游,瓦努阿图 瓦国,市场 供应商 恢复 瓦特 时间 ,PVCC（瓦努阿图维拉港市议会） Silaevanua市场协会 卢甘维尔的一个市场协会 气候变化部长,2023.3.26,86,http://mp.weixin.qq.com/s?__biz=MjM5NjM1OTI1Nw==&mid=2649228439&idx=4&sn=ac11663e64b219161e7fcb7e328ecc9c&chksm=bef6d9a1898150b7305bcf27ccce514fa37f776f409968863584f48c25229e3117da420fda50#rd
65,萨摩亚总理到访澳洲签协议 岛国最关心的问题能解决吗？,图为萨摩亚总理马塔阿法。（图/太平洋岛屿新闻协会网站截图）【南太之声编译报道】随着澳大利亚总理阿尔巴尼斯（Anthony Albanese）22日在堪培拉欢迎萨摩亚总理马塔阿法（FiamēNaomi Mata'afa）到访，澳大利亚和萨摩亚签署了一项关于教育和卫生的新协议。澳联社22日报道，马塔阿法在议会大厦受到隆重欢迎，并签署双边协议。她已将气候变化行动和更多区域磋商的必要性提上议程。马塔阿法一直在推动结束化石燃料补贴，并为太平洋地区的气候复原性项目提供更多资金。她还提出了在澳大利亚、新西兰和太平洋岛国之间进行欧洲式自由流动的想法。“人们很难到澳大利亚或新西兰探亲或度假。”在22日与阿尔巴尼斯会谈之前，她在澳大利亚洛伊国际政策研究所（Lowy Institute）的一个活动上表示：“欧洲式共同市场的概念，我们在太平洋地区已经讨论了很长时间。”另外，阿尔巴尼斯表示，他的政府在气候方面的行动有助于加强与该地区的关系。他对议会表示：“与太平洋地区建立良好关系的入场券是在气候变化方面采取行动。这是他们最重视的问题，因为这对他们的生存构成了威胁。”澳大利亚反对党外事发言人伯明翰（Simon Birmingham）也表示，马塔阿法的访问和呼吁在气候变化问题上采取更多行动的演讲，表明了全球合作解决这一问题的必要性。他说:“在全球范围内，各国共同努力可以改变对气候变化的预测，太平洋岛国领导人的声音也许是最有力的声音。”（周晓编译）,618,旅游,澳大利亚 新西兰 萨摩亚,太平洋 澳大利亚 气候 马塔阿法 萨摩亚 ,联合国 亚太计划 欧洲式共同市场,2023.3.25,90,http://mp.weixin.qq.com/s?__biz=MjM5NjM1OTI1Nw==&mid=2649228412&idx=2&sn=43d3faf56f98e4d08bedce9561353c71&chksm=bef6d94a8981505cbea8f856caeb7a1067e93c4e28f12884ea0d42bc09016640713d8e3cda3d#rd
88,首航抵达！澳大利亚与帕劳每周航班开始执飞 还将通过这些岛国,新西兰RNZ报道，帕劳总统惠普斯（Surangel Whipps Jr）表示，从2月28日开始，将有航班通过巴布亚新几内亚连接澳大利亚布里斯班和帕劳。惠普斯说，这项服务是新启用的，由澳大利亚政府承担飞行计划。巴新几内亚航空（Air Niugini）将执飞这条航线，该航线在疫情前没有运营。巴布亚新几内亚航空首席执行官阿拉巴斯特（Bruce Alabaster）说:“每周航班将由公司的波音767飞机执飞，每周二从布里斯班经莫尔兹比港飞往帕劳，周三返航。”惠普斯说，飞往基里巴斯、马绍尔群岛和瑙鲁等的航班也是该项目的一部分，目的是为了增强航空旅行，更好地连接太平洋地区。阿拉巴斯特说，帕劳依赖旅游市场，直接进入澳大利亚市场将大大促进当地经济的发展。真正吸引游客的因素是潜水和帕劳独有的户外活动。惠普斯鼓励新西兰和澳大利亚游客抓住这个机会。“来探索吧，我们的潜水令人惊叹。”他已邀请新西兰前总理阿德恩（Jacinda Ardern）及其伴侣盖福德（Clarke Gayford）前来游玩。,442,旅游,新西兰 澳大利亚 巴布亚新几内亚 基里巴斯 马绍尔群岛 瑙鲁,澳大利亚 帕劳 航班 惠普斯 执飞 ,太平洋地区计划,2023.3.6,125,http://mp.weixin.qq.com/s?__biz=MjM5NjM1OTI1Nw==&mid=2649228219&idx=5&sn=5ef301f17351d9c641370d8b095f2e9a&chksm=bef6de8d8981579b7cf0e6fd4bdf52c2fa5cd7169f4e911d96118e57881d87e62dbe333d4ce7#rd
89,马云现身斐济引发网络热潮！旅游局CEO亲自发声：热烈欢迎！期待中国游客回归,近日，马云来到斐济的行程被多位本地网民拍到，并纷纷po到社交媒体上。马云到达斐济的画面被网民发布在社交媒体平台上。（图/脸书截图）马云的到来，不仅仅是一位富豪的度假之旅，在斐济人看来，这更代表着中国游客重回斐济的重大标志。对此，斐济旅游局CEO希尔（Brent Hill）就立即发“推特”（Twitter）表示：“欢迎马云先生——阿里巴巴的老板和世界上最富有的人之一。很高兴看到中国游客再次回到斐济，也很高兴有像马先生这样的商界领导者和慈善家到来。祝旅途愉快！”斐济旅游局CEO希尔（Brent Hill）发“推特”欢迎马云。（图/推特截图）与此同时，巴布亚新几内亚《企业家杂志（Exepreneur Magazine）》也发文称，马云的斐济之旅凸显了旅游业在促进国家经济发展方面的力量。该杂志表示，斐济作为旅游胜地，吸引了无数世界名人打卡。包括2019年在斐济庆祝65岁生日的奥普拉（Oprah Winfrey），以及2018年访问斐济的哈里王子（Prince Harry）和梅根（Meghan Markle）。加拿大总理特鲁多（Justin Trudeau）和好莱坞明星威尔·史密斯（Will Smith）也在斐济度过了一段美妙时间，享受着斐济令人惊叹的风景和温暖的气候。而现如今，马云，也只是众多被斐济的美丽和好客所吸引的杰出专业人士、投资者和名人之一。马云和其他知名人士对斐济的访问，凸显了斐济作为首要旅游目的地的潜力，并强调了旅游业在推动经济增长中的作用。斐济拥有迷人的海滩、多元的文化和热情好客的人民，在未来的几年里，斐济一定会吸引更多的游客。,678,旅游,中国 加拿大 ,马云 游客 旅游局 欢迎 中国 ,联合国 亚太经合组织 世界旅游组织 世界银行 国际货币基金组织 世界贸易组织 联合国开发计划署 联合国教科文组织 联合国粮食及农业组织 联合国环境规划署 联合国儿童基金会 联合国难民署 联合国人口基金会 联合国经济及社会理事会 联合国人权理事会 联合国教育 科学及文化组织 联合国犯罪及司法组织 联合国粮农组织 联合国经济及社会理事会 联合国人权理事会 联合国经济及社会理事会 联合国人权理事会 联合国经济及社会理事会 联合国人权理事会 联合国经济及社会理事会 联合国人权理事会 联合国经济及社会理事会 联合国人权理事会 联合国经济及社会理事会 联合国人权理事会 联合国经济及社会理事会 联合国人权理事会 联合国经济及社会理事会 联合国人权理事会 联合国经济及社会理事会 联合国人权理事会 联合国经济及社会理事会 联合国人权理事会 联合国经济及社会理事会 联合国人权理事会 联合国经济及社会理事会 联合国人权理事会 联合国经济及社会理事会 联合国人权理事会 联合国经济及社会理事会 联合国人权理事会 联合国经济及社会理事会 联合国人权理事会 联合国经济及社会理事会 联,2023.3.5,126,http://mp.weixin.qq.com/s?__biz=MjM5NjM1OTI1Nw==&mid=2649228192&idx=1&sn=c8b20e5e4b51e4c1c34f2ce8f3d6e17b&chksm=bef6de968981578001b9108ab6d670a8c12da7e77d747f41464961d53894bd0c91d99d631073#rd
90,已掌握绑匪身份！巴新总理吁释放四名人质,【南太之声编译报道】在一名当地妇女和三名当地导游获救后，巴布亚新几内亚总理马拉佩（James Marape）近日敦促武装绑架者释放其余四名人质，其中包括一名澳大利亚教授。巴新《国民报》2月23日报道，马拉佩说：“他们是我们国家的公民，也有我们国家的朋友。让我们用美拉尼西亚人的方式解决这个问题吧。”他补充说，警方已经掌握了参与绑架的13人的全名和照片。“（你们）的身份已被确认，所以（尽快）释放剩下的四名人质。”据报道，这些武装分子来自海拉省，他们于2月19日在南部高地和海拉省边境博萨维山（Mt Bosavi）附近的Fogomaiyu村绑架了7名研究人员和导游，并要求现金赎金。这7人包括国家博物馆的一名女性工作人员，一名女性领袖网络成员，一名与教授一起进行实地工作的巴新大学人类学毕业生，还有四名当地导游。马拉佩呼吁身份已被官方确认的绑匪释放其余四名人质。巴新警察局长曼宁（David Manning）表示，犯罪分子是偶然遇到了这7个人。他说:“他们是机会主义者，在采取行动之前显然没有考虑到这种情况，他们一直在要求支付现金。但是，我们为绑架者提供了一条出路。他们可以释放人质，他们将通过刑事司法系统得到公平对待，但不遵守和拒捕可能会让这些罪犯失去生命。”反对派副领袖汤姆里萨（Douglas Tomuriesa）说，军阀和武装匪徒对国家安全构成威胁，必须予以消灭。他补充说，政府应该考虑邀请澳大利亚和新西兰的特种部队，比如他们的SAS（空降特勤队），他们拥有优越的武器和战术，帮助巴新对付这些“危险的罪犯，一劳永逸地消灭这些所谓的军阀”。,672,旅游,巴布亚新几内亚 澳大利亚 新西兰,巴新 释放 人质 国家 这些 ,联合国 亚太计划 SAS（空降特勤队）,2023.3.5,127,http://mp.weixin.qq.com/s?__biz=MjM5NjM1OTI1Nw==&mid=2649228186&idx=1&sn=698483bb89a15b2c4f15401f32b75e91&chksm=bef6deac898157baef4ec2aa37ac0b9c9179a0a43a05a0719b4709514cef848854713a389f8a#rd
94,瓦努阿图和新喀里多尼亚有望达成免签协议,图为瓦努阿图和新喀里多尼亚近日有望很快达成免签协议。（图/《瓦国日报》网站截图）【南太之声编译报道】瓦努阿图和新喀里多尼亚近日有望很快达成免签协议。《瓦国日报》2月25日报道，这一消息是在瓦努阿图总理卡尔萨考（Ishmael Kalsakau）和外交和对外贸易部官员与新喀里多尼亚政府总统马普（Louis Mapou）率领的新喀里多尼亚代表团举行会议后传出的。这两个太平洋岛国之间的讨论集中了一些问题，包括免签证进入新喀里多尼亚。瓦努阿图政府公共关系官员哈里（Joe Harry）说，法国驻瓦努阿图大使在拜会卡尔萨考时首次提到法国打算给予从瓦努阿图到新喀里多尼亚的免签协议。哈里也是卡尔萨考访问斐济代表团的成员，他补充说，卡尔萨考在讨论中提出了这个问题。法国内政部长预计将在3月访问瓦努阿图期间正式宣布（瓦努阿图）与新喀里多尼亚的免签协议。瓦努阿图和新喀里多尼亚有着密切的经济和文化联系，许多瓦努阿图公民前往新喀里多尼亚工作或出于其他目的。这项免签证协议将使两国之间的旅行更加便利，促进商业、旅游和文化交流。,454,旅游,瓦努阿图 新喀里多尼亚 法国 ,瓦努阿图 新喀里多尼亚 协议 免签 卡尔萨考 ,,2023.3.1,131,http://mp.weixin.qq.com/s?__biz=MjM5NjM1OTI1Nw==&mid=2649228186&idx=5&sn=0f1b124c3e7de8c66d36d6c63e3ede8d&chksm=bef6deac898157baf5ba9470cf95c8fcd5d119c1414bd20aac3582810f50bcfaff9f18c8a7d8#rd
95,瓦国总理：与澳大利亚的免签协议将很快生效,【南太之声编译报道】瓦努阿图总理卡尔萨考（Ishmael Kalsakau）近日在与澳大利亚总理阿尔巴尼斯（Anthony Albanese）会晤后表示，该国前往澳大利亚的免签旅行将很快达成。两位领导人讨论了加强两国关系的途径。《瓦国日报》21日报道，卡尔萨考强调，在取消签证要求之前，瓦努阿图必须向澳大利亚表明他们之间的关系是真诚且认真的。他向民众保证，我们将逐步实现这一目标。鉴于两国距离很近且有着长期的伙伴关系，许多瓦努阿图原住民（Ni-Vanuatu citizens）对前往澳大利亚时免签证表示关心。他们指出，瓦努阿图与许多其他国家之间均有免签证协议。在一项重大公告中，卡尔萨考透露，签证处理将不再需要在斐济完成，现在可以在瓦努阿图国内完成。这将使寻求访问澳大利亚的瓦努阿图公民更加方便。,349,旅游,瓦努阿图 澳大利亚 ,澳大利亚 瓦努阿图 签证 总理 卡尔萨考 ,联合国,2023.2.28,133,http://mp.weixin.qq.com/s?__biz=MjM5NjM1OTI1Nw==&mid=2649228152&idx=1&sn=bc8fe130353e994b9d85a931af8fd7a3&chksm=bef6de4e89815758ddb630c74cd5384f1e3712776e8e2b747ac424ee0979f77d22424a7f3ef7#rd
96,保护和管理海洋资源 瓦国启动“蓝色繁荣计划”,【南太之声编译报道】瓦努阿图政府近日已启动了瓦努阿图“蓝色繁荣计划（Blue Prosperity Vanuatu）”，旨在保护和管理海洋资源，促进海洋产业和经济可持续发展。《瓦国日报》21日报道，在瓦努阿图政府的领导下，该计划将开展广泛的参与进程，指定至少30%的瓦国水域进行保护，以保护和恢复海洋生物、栖息地，并支持旅游和渔业等海洋产业。在联合国生物多样性大会上，瓦努阿图与其他190个国家一道做出了保护30%海洋的全球承诺。“蓝色繁荣计划”代表了瓦努阿图政府和维特研究所（Waitt Institute）之间的伙伴关系。维特研究所是一家总部位于美国的非营利机构，将通过技术专长、资金和增加能力来支持瓦努阿图的目标和国际承诺。瓦国总理卡尔萨考（Ishmael Kalsakau）和维特研究所创始人兼主席维特（Ted Waitt）签署了一份谅解备忘录，正式确立了这一伙伴关系。该计划的核心重点之一是蓝色经济规划，以促进经济增长和多样化，社会包容以及保护或改善生计，同时确保海洋和沿海地区的环境可持续性。“蓝色繁荣计划”的另一个重点是为小规模和商业渔业制定可持续渔业管理战略。它还包括科学考察，收集、整理和分享有关瓦努阿图海洋环境的现有知识和信息。,524,旅游,瓦努阿图 美国,海洋 瓦努阿图 保护 计划 蓝色 ,联合国生物多样性大会瓦努阿图“蓝色繁荣计划（BlueProsperityVanuatu）”维特研究所（WaittInstitute）,2023.2.28,134,http://mp.weixin.qq.com/s?__biz=MjM5NjM1OTI1Nw==&mid=2649228152&idx=2&sn=eb4a39403bae803e1fce4798026f34b9&chksm=bef6de4e898157580ec5091755a6023c1b8ce3c6a6902687d4fc603e12afefbb02187e2d1391#rd
102,了解游客的体验感很重要！瓦国启动邮轮游客调查,【南太之声编译报道】瓦努阿图邮轮游客消费者调查已于2月3日启动。《瓦国日报》报道，瓦努阿图旅游局(VTO)16日证实了这一点，称这项研究是在与旅游部(DoT)、统计局(VBoS)、储备银行(RBV)和技能合作组织(VSP)的密切合作下进行的。基于2023年2月的邮轮时间表，根据邮轮访问的频率和抵达港口的邮轮游客的高流量，调查在首都维拉港拉开序幕。调查的目标群体是“自由独立旅行者”，他们是邮轮游客，在抵达维拉港前和/或抵达后自己预订行程、活动和安排。为了对这一目标群体进行研究，邮轮游客在参观位于码头和维拉港市中心的旅游局旅游和信息中心时，会得到二维码。邮轮游客消费者调查的目的是收集反馈，并评估消费者对维拉港旅游产品和服务的整体体验。这包括对旅游、交通、参观地点、工匠和手工艺产品、当地制造的商品、饮食场所、维拉港的好客程度、游客满意度的反馈，最重要的是了解自由独立旅行者们的消费行为。旅游局商业情报经理伽曼（Warren Gama）表示:“通过有价值的消费者调查，始终评估我们的营销活动和旅游产品的有效性是很重要的。然而，我们已经知道还有很多需要改进的地方，为了准备和提供可负担得起的优质游客体验，这种消费者调查为我们提供了最新的见解和数据，以供决策。”这项调查通过旅游局商业情报计划进行协调，数据分析和报告将每6个月发布一次，并与旅游业、合作伙伴和政府利益相关者共享。伽曼指出，“每当国际和国内游客使用瓦努阿图的服务时，瓦国旅游业都在进行自我重建，为了进一步改善，我们使用数据来指导我们的投资以促进改善。我们正在一起为所有游客重新设置和重建一个充满新奇的旅游目的地。”,688,旅游,瓦努阿图 瓦国,游客 邮轮 调查 消费者 维拉港 ,瓦努阿图旅游局(VTO) 旅游部(DoT) 统计局(VBoS) 储备银行(RBV) 技能合作组织(VSP),2023.2.23,142,http://mp.weixin.qq.com/s?__biz=MjM5NjM1OTI1Nw==&mid=2649228151&idx=5&sn=a70316af9c8b34f29a8fab39755ba3d2&chksm=bef6de4189815757600e00d83927cc563bb33207a0993ecec91453b1e7b40fa37256150c08ad#rd
104,首都巴士短缺引发不便 瓦国官方解释原因,【南太之声编译报道】瓦努阿图首都公共交通服务的短缺近日给居民和游客带来了不便。《瓦国日报》18日报道，瓦国公共陆路交通管理局（PLTA）首席执行官塔比吉安（Reginald Tabigerian）将这种短缺归咎于多种因素，包括进口巴士数量下降、管理不善以及司机前往澳大利亚和新西兰参加季节性劳工计划。公共交通服务的短缺给学校、私营部门和政府办公室都带来了问题，学生上学迟到，员工上班也迟到。依赖公共交通的普通民众也经历了漫长的等待时间，一些人不得不等待一个小时或更长时间才能赶上巴士。与2022年2月的等待时间相比，这一数字显著增加。塔比吉安表示，与前一年相比，注册巴士和司机的数量都有所减少。2022年，共有1063家巴士服务公司和1115名注册司机，而在2021年，共有1199家巴士服务公司和1122名注册司机。他预测，到2023年3月底，注册巴士服务的数量将继续减少，他的办公室可能无法实现维拉港1200辆巴士服务的目标。,415,旅游,瓦努阿图 澳大利亚 新西兰,巴士 服务 短缺 公共 交通 ,澳大利亚和新西兰季节性劳工计划,2023.2.22,144,http://mp.weixin.qq.com/s?__biz=MjM5NjM1OTI1Nw==&mid=2649228151&idx=7&sn=15d3f7566054f20df49cfe2103657f1e&chksm=bef6de4189815757a4de2d1afa268c29e287d6ee2efed73b48cfa7ae887a8d9972f93faf2a07#rd
109,澳提交新移民法案 太平洋移民申请增加至每年3000人,太平洋地区每年有多达3000人作为永久居民移民到澳大利亚。（图/斐济村网站截图）澳洲广播公司（ABC)16日报道，太平洋合作签证（Pacific Engagement Visa）的申请程序分为两步，申请人必须首先在投票中登记，并支付25元（斐济元，下同）的费用。政府在一份声明中表示:“在第二阶段，通过投票选出的申请人将能够申请签证。”申请人需要获得澳大利亚雇主的正式工作邀请，年龄在18至45岁之间，并满足基本的英语语言、健康和性格要求。声明还指出，“申请人可以在申请中包括他们的伴侣和受抚养的子女。”政府的目标是在7月前启动并运行新的签证。“太平洋合作签证将向独立的太平洋岛国和东帝汶开放。这可能包括（来自）密克罗尼西亚联邦、斐济、基里巴斯、瑙鲁、帕劳、巴布亚新几内亚、马绍尔群岛共和国、萨摩亚、所罗门群岛、东帝汶、汤加、图瓦卢和瓦努阿图（的民众）。”澳大利亚国际发展和太平洋事务部长康罗伊（Pat Conroy）说，该签证是为了开辟一条永久移民途径，而不是增加临时劳工的数量。他说:“每年向太平洋家庭分配3000个名额，让他们在澳大利亚过上新的生活，加深彼此之间的联系。”他强调，“这些人必须在这个国家有工作，他们可以带家人来。这是深化我们与该地区牢固关系的好方法。”据报道，新签证计划的法案已于16日提交给议会。（周晓编译）,566,旅游,密克罗尼西亚联邦  基里巴斯 瑙鲁 帕劳 巴布亚新几内亚 马绍尔群岛共和国 萨摩亚 所罗门群岛 东帝汶 汤加 图瓦卢 瓦努阿图,太平洋 签证 移民 申请 澳大利亚 ,太平洋合作签证（PacificEngagementVisa）,2023.2.18,154,http://mp.weixin.qq.com/s?__biz=MjM5NjM1OTI1Nw==&mid=2649228082&idx=3&sn=187fed6a8f1e977800c6602c12508a0d&chksm=bef6de0489815712b2f5dc2f6e975181e53d2a20d556e60638e017a1cc3848cd59ba671787db#rd
113,欧盟允许瓦努阿图免签证协议再延期18个月,【南太之声编译报道】欧盟近日已经同意再延长18个月，以使瓦努阿图政府有时间完成其公民身份计划的改革。《瓦国日报》2月1日报道，此前，总理卡尔萨考（Ishmael Kalsakau）曾致信欧盟要求延长6个月。而此次18个月的延期将于2024年8月3日结束。欧盟将继续通过线上会议与常设委员会密切合作，以便他们获得关于实地进展的第一手资料。根据公共关系官员亨利（Joe Harry）的说法，技术委员会将与瓦努阿图驻布鲁塞尔大使玛尼里（George Maniuri）举行线上会议，为该团队于2023年2月15日与欧盟的进一步会晤做准备。2022年初，欧盟委员会提议部分暂停适用与瓦努阿图的协议，即允许瓦国公民在任何180天内免签前往欧盟，停留时间不超过90天。2022年3月晚些时候，欧盟理事会部分暂停了与瓦努阿图的免签协议，并在一份声明中解释说，他们宣布的决定是由于瓦努阿图的投资者公民计划会带来风险。暂停签证只涉及自2015年5月25日瓦努阿图投资公民计划生效以来持有普通护照的瓦努阿图公民。此前，欧盟理事会最初宣布，全面暂停将于2023年2月14日生效。（周晓编译）,483,旅游,瓦努阿图 欧盟 布鲁塞尔,欧盟 瓦努阿图 公民 暂停 协议 ,欧盟 瓦努阿图公民计划,2023.2.15,161,http://mp.weixin.qq.com/s?__biz=MjM5NjM1OTI1Nw==&mid=2649228006&idx=1&sn=400798126d439f0817756022cb578d8e&chksm=bef6dfd0898156c6eefe855e8c3e15bfcbbc20bb31056dee701935d45b1e56b8a3d64d06b752#rd
127,为迎接太平洋运动会 所国大法官提议升级道路,【南太之声编译报道】所罗门群岛首席大法官帕尔默（Albert Palmer）1月24日敦促基础设施和发展部（MID）优先考虑道路维修和保养，为11月在霍尼亚拉举行的太平洋运动会做准备。《所罗门星报》报道，他还敦促为行人修建人行道，并建议建设更多路灯。不仅照亮主干道，还照亮所有进入城市的支线道路。帕尔默当日在2023法律年度的开幕式上说:“这将有助于建设一个更安全的城市，尤其是在夜间。”他补充说：“要使我们的城市更美丽、更安全、更有吸引力，还有很多事情要做，其中之一就是急需维修和保养的道路。”除了这些问题，他还建议考虑在热点地区、道路、交通网络和当地社区提高警力部署，以减少、预防、打击和应对犯罪活动。此外，总检察长穆里亚（John Muria）表示，为了使运动会顺利举办，可能需要对一些立法进行审查/修订。司法部门和所罗门群岛律师协会可能被要求就这些审查提出意见。“我敦促我们每一个人都参加这些审查，并协助政府，因为我们准备向该地区和世界展示我们举办运动会的能力。”（周晓编译）,442,旅游,所罗门群岛,道路 运动会 所罗门 敦促 城市 ,太平洋运动会,2023.2.4,179,http://mp.weixin.qq.com/s?__biz=MjM5NjM1OTI1Nw==&mid=2649227931&idx=5&sn=d75064537f8d4b6e496577386cfd74e8&chksm=bef6dfad898156bb4b6c4f227d654306ade8c2d1ec99d90198699d88e5e0675d0224f2eb84be#rd
130,太平洋岛屿小姐选美大赛萨摩亚启幕 是你心中最美的她吗？,【南太之声编译报道】太平洋岛屿小姐大赛于1月29日至2月4日举行。五位太平洋美女前往萨摩亚参加选美比赛，瑙鲁小姐是第一个抵达的选手。萨摩亚观察者网报道，当地时间1月26日晚上，瑙鲁小姐皮彻（Alexandra Melody Pitcher）落地法莱奥洛国际机场（Faleolo International airport）。27日，所罗门群岛小姐哈罗（Tiare Haro）及其陪同人员第二个抵达。萨摩亚小姐富茂诺（Kauhani Fuimaono）和巴布亚新几内亚小姐尼古拉斯（Josie Nicholas）是最后随代表团抵达的选手。每个国家的选美董事会和成员也将前往萨摩亚参加选美比赛，并在29日陆续抵达。（周晓编译）,311,旅游,瑙鲁 所罗门群岛 萨摩亚 巴布亚新几内亚,小姐 萨摩亚 选美 抵达 太平洋 ,太平洋岛屿小姐选美大赛,2023.2.3,182,http://mp.weixin.qq.com/s?__biz=MjM5NjM1OTI1Nw==&mid=2649227904&idx=3&sn=1dd33158dd0de8f4f7c8e3085d958711&chksm=bef6dfb6898156a0281fe75520d44ecb53569146b8fd637affacb6da55f17294312a58edbfc1#rd
135,Lulutai航空SAAB340停航 汤加瓦瓦乌旅游再入困境,【南太之声编译报道】汤加最重要的旅游目的地瓦瓦乌（Vava'u）的旅游经营者近日表示，瓦瓦乌再次因缺乏航空服务而陷入瘫痪。汤加Matangi新闻网21日报道，汤加政府拥有的Lulutai航空公司从2023年1月17日起暂停了其运输主力SAAB340航班的服务，没有迹象表明何时会有替代航班为瓦瓦乌和哈拜群岛提供服务。瓦瓦乌旅游协会代理主席科斯蒂·鲍（Kirsty Bowe）17日表示：“这家管理不善、不专业的航空公司正在削弱瓦瓦乌。”Lulutai航空公司还有一架12座的运-12飞机仍在继续运营，但该航空公司在1月19日的广播消息中表示，“虽然我们的另一架飞机，即运-12飞机仍在运营，但我们希望您能理解和合作，因为我们将优先考虑因医疗原因而旅行的乘客。”“我们要求所有预定乘坐SABB340航班的瓦瓦乌和哈拜群岛乘客联系最近的Lulutai办公室，安排退票或改日出行。”据悉，这架运-12是中国送给汤加的礼物。（力声编译）,414,旅游,汤加 中国,航空 瓦瓦乌 汤加 Lulutai 旅游 ,联合国,2023.1.29,188,http://mp.weixin.qq.com/s?__biz=MjM5NjM1OTI1Nw==&mid=2649227866&idx=3&sn=22945ad086c8a8aa729f709a7a6c0a40&chksm=bef6df6c8981567a0b154dadf80192b8a9c6d5838533c3ce44888a669915c35a8070e489f52d#rd
136,取消所有短途公交、票价改动 所首都对运输业“下手”,【南太之声编译报道】所罗门群岛霍尼亚拉市自治会（HCC）从23日开始，取缔所有短途公交线路。《所罗门星报》报道，市长西阿普（Eddie Siapu）透露，在居民和乘客表达了对公交线路短、公交服务不规律、票价不规范和公交条件差的担忧之后，HCC制定了相关措施。他说，从23日开始，HCC将与所罗门群岛皇家警察部队的交通部门合作，对霍尼亚拉的所有公交线路进行监控。HCC将吊销短途公交的营业执照。HCC现在呼吁市民举报任何申请短途路线的公交，并正在向基础设施发展部的道路运输管理局提交申请，要求其审查和规范全市的公交票价、路线和公交条件。西阿普说，HCC将要求道路运输管理局规范全市的公交票价，成人为5元（所罗门群岛元，下同，约合0.61美元），学生和儿童为3元（约合0.36美元）。从长远来看，HCC已经完成了对全市公交服务的调查。HCC现正成立一个委员会，就全市的公交服务进行进一步研究，并研究在市内主要路线上运营公交服务的可行性。（周晓编译）,422,旅游,所罗门群岛,公交 HCC 短途 票价 所罗门 ,所罗门群岛皇家警察部队 基础设施发展部的道路运输管理局,2023.1.29,191,http://mp.weixin.qq.com/s?__biz=MjM5NjM1OTI1Nw==&mid=2649227839&idx=1&sn=ce22493815380a7d6036f13cc5fda254&chksm=bef6df098981561f0154b68a907074fb02ade2a33e08a034b545e5e73e66df74033e4b23234c#rd
141,将带来更多商机！所罗门中部群岛省用上了新码头,【南太之声编译报道】所罗门群岛政府11日向中部群岛省（Central Islands Province）移交了1050万美元的气候适应性码头和坡道基础设施。《所罗门星报》报道，副总理梅兰加（Manasseh Maelanga）主持了由国家政府全额资助的图拉吉码头和坡道的正式开放和移交仪式。他说，码头将支持图拉吉和周边社区民众方便地装卸货物和产品，并为当地游客和其他游客创造更安全的登船平台。政府非常有信心，这个新码头也将为岛上带来更多商机，因为更大的船只可以进出该省，为地方经济做出贡献。中部群岛省政府对新的基础设施移交特别满意。中部省省长加莱古(Polycarp Galaigu)转达了他对政府为基础设施提供资金的感谢之情，“码头和坡道是第一个归省政府所有的基础设施。这种基础设施对于图拉吉和该省周围社区农村部门企业的发展是是至关重要的经济基础设施。”（周晓编译）,384,旅游,所罗门群岛 美国,码头 基础 设施 政府 所罗门 ,所罗门群岛政府,2023.1.25,197,http://mp.weixin.qq.com/s?__biz=MjM5NjM1OTI1Nw==&mid=2649227804&idx=1&sn=3149f20c3cb07da7964fa346b6959f8d&chksm=bef6df2a8981563cd43aa395f99ea6c366e2747b7cdb672e668ed2bb64b674eab780d6333702#rd
145,“瓦努阿图制造”崛起 手工艺品对上外交官胃口,【南太之声编译报道】当一位政府部长向一位来访的外国外交官赠送传统的席子或编织的手工艺品时，送礼者和收礼者都会感到无比自豪。《瓦国日报》14日报道，近日，一张有两名瓦努阿图高级政府官员（拿着席子两端）的照片显示，当时他们正在从中间商那里购买一张非常昂贵的“瓦努阿图制造”席子，送给一位外国外交官。这也印证了位于瓦努阿图沿海地区的Senta Blong Handikraf地区继续在政府和国家的生活中发挥重要作用。换句话说，越来越多的“瓦努阿图制造”商品现在能在大楼里出售，摊位后面的卖家脸上也露出了笑容。这是一个成功的故事，因为维拉港越来越多的妇女从其他省份购买垫子、扇子、篮子、雕刻品和其他吸引人的物品，吸引游客购买作为纪念品。（萨琳编译）,320,旅游,瓦努阿图,瓦努阿图 制造 外交官 政府 席子 ,,2023.1.24,203,http://mp.weixin.qq.com/s?__biz=MjM5NjM1OTI1Nw==&mid=2649227804&idx=7&sn=5fd9b61eaab8a50aa359b055fd75e325&chksm=bef6df2a8981563cba885911195d150b3e668a7cc0985c3e072a87660e710c1f95da69cbda23#rd
153,太平洋地区最佳机场跑道在哪？就在所罗门群岛,【南太之声编译报道】所罗门群岛西部省的努萨图佩（Nusatupe）机场跑道近日因其美丽的环境而被称为太平洋地区最佳。《所罗门星报》17日报道，珊瑚海基金会（Coral Sea Foundation）在网上发帖称，该机场是“南太平洋最好的飞机场！”该基金会还称，“所罗门群岛西部省吉佐岛海岸外的努萨图佩。飞到这里来，毫无疑问，你已经到了珊瑚三角区!”珊瑚海基金会有限公司是一家澳大利亚非营利性公司。该公司的目标是加强珊瑚海三角区的自然环境。所罗门群岛也是珊瑚大三角倡议（CTI）的成员。努萨图佩跑道是该国最繁忙的机场跑道之一，因为它每天都有来自首都霍尼亚拉的航班，送当地人和海外的客人来度假。随着西部省成为全国最热门的旅游目的地之一，有越来越多的海外休闲游客乘坐飞机和船只前往。游客通常到该省进行水肺潜水，享受当地的文化娱乐、品尝海鲜，并欣赏和感受岛上的自然美景和淳朴民风。（周晓编译）,392,旅游,所罗门群岛 澳大利亚 霍尼亚拉,所罗门 机场 跑道 群岛 珊瑚 ,答珊瑚海基金会（CoralSeaFoundation） 珊瑚大三角倡议（CTI）,2023.1.15,212,http://mp.weixin.qq.com/s?__biz=MjM5NjM1OTI1Nw==&mid=2649227759&idx=8&sn=fda46b12962836da5c2cf0fc565c1a98&chksm=bef6dcd9898155cf1640709c68ff9b1cc0d003978433a23ff85475f88616e20b9079c7aae72b#rd
161,澳航空专家抵达瓦努阿图 助当地航空公司脱离困境,（图片来源：新西兰RNZ网站）【南太之声编译报道】一支由澳洲航空专家组成的团队于当地时间11日下午抵达瓦努阿图维拉港，帮助瓦努阿图国家航空公司脱离困境。新西兰RNZ网站11日报道，瓦努阿图国家航空公司的消息人士表示，团队已根据瓦国总理卡尔萨考（Ishmael Kalsakau）的要求进行快速评估。评估有两个阶段，最多可能需要45天。据悉，他们将在第一阶段研究航空公司的财务状况，人员配备水平以及使用飞机的适用性。第二阶段将考虑即时选择，以提高员工的道德水平并提高计划的可靠性。瓦努阿图国家航空公司的新董事会还向国际金融公司（International Finance Corporation）请求帮助。去年，国际金融公司进行了一项研究和对航空公司的评估，但是其提出的建议没有被实施。卡尔萨考在去年的选举中获胜后，在首次讲话中提到瓦努阿图国家航空公司陷入困境一事，指责其管理不良和腐败的做法，随后更换了董事会成员。（罗伊编译）,413,旅游,澳大利亚 新西兰 瓦努阿图,航空 公司 瓦努阿图 国家 困境 ,国际金融公司,2023.1.10,221,http://mp.weixin.qq.com/s?__biz=MjM5NjM1OTI1Nw==&mid=2649227700&idx=4&sn=7f42632f58fad7c0a1e9c63994c09dab&chksm=bef6dc8289815594286a53eb98a7455a0189a78142bf5c6de39b7641716fc9a6673a0e351538#rd
162,合影一次500瓦图！瓦国青年为维持生计靠蜥蜴创业,图为游客与蜥蜴合影。（图/《瓦国日报》网站截图）【南太之声编译报道】两名来自瓦努阿图安巴岛（Ambae）的年轻人被称为“蜥蜴男孩”，他们近日在游客参观维拉港时通过宠物蜥蜴赚钱。《瓦国日报》7日报道，首都民众称他们为“蜥蜴男孩”，因为每次游客来的时候，都会带着他们的蜥蜴一起来。两名年轻人的名字是维拉（Vira）和菲利（Filly）。菲利说，他靠他的四只宠物蜥蜴赚钱。他说，他的平均收入为1万到2万瓦图（约合85.53美元），这取决于城里游客的数量。每次有游客想和他的蜥蜴合影时，他都会收取500瓦图（约合4.28美元）的费用。菲利称，他从马拉波亚庄园（Malapoa Estate）那里买了四只蜥蜴来创业。他说：“维拉港的生活成本变得非常昂贵，尤其是对那些发现很难找到工作的年轻人来说，因此每个人都在寻找生存的方法。”在新冠疫情暴发后，维拉港周围出现了更多为道路小贩提供的避难所。越来越多的小贩也在出售和运送包装好的熟食。据悉，虽然瓦努阿图重新开放了国际边界，经济活动也在逐渐恢复，但许多人仍在努力维持生计。（周晓编译）,460,旅游,瓦努阿图,蜥蜴 游客 合影 瓦国 年轻人 ,答瓦努阿图安巴岛（Ambae）,2023.1.10,222,http://mp.weixin.qq.com/s?__biz=MjM5NjM1OTI1Nw==&mid=2649227700&idx=5&sn=afe13097faa02efcb867a04bce84c38b&chksm=bef6dc8289815594847a7d73d184b92575d67e0c7fdcb608a4df832cfa2f34c9d7e93d5271d8#rd
169,飞行员辞职、乘客“吐槽”…… 瓦努阿图航空陷入困境,图为瓦航的波音737-800飞机。（图/《瓦国日报》网页截图）多名飞行员离职《瓦国日报》2022年12月30日报道，瓦航董事会发布的一份声明显示，迄今为止，已有9名飞行员离开公司。其中，一些已经辞职并离开公司的飞行员列举的原因包括遭到威胁、担忧被忽视和不健康的工作环境。一名前飞行员表示，他辞职的主要原因是他厌倦了与管理层和CEO菲诺（Atu Finau）就他提出的某些担忧进行“扯皮”。管理层和首席执行官从未倾听过飞行员提出的问题，也从未作出回应。他声称管理层经常给予他们非常不公平的待遇。“他们允许一些飞行员休假，却拒绝给我们中的一些人休假。此外，该航空公司没有一个合适的发展计划，这就是它面临所有这些问题的原因。”另一位在瓦航工作了超过15年的前飞行员提到，其他飞行员经常害怕提出他们的担忧，因为他们害怕被解雇或受到威胁。丹尼尔说，目前该公司只剩下31名飞行员，而运营所需的飞行员数量是37名。“这太少了，而这是国际和国内航班飞行员的总数。”乘客抱怨航班被取消由于缺少飞行员和飞机，一些乘客的航班近日被取消了。一位乘客抱怨，瓦航应该提前通知他们航班取消的消息。她说:“我们花光了所有的钱，以为我们今天就能回到岛上，现在我们没有足够的钱留在维拉港，因为物价很昂贵。我们让机场的工作人员为我们支付回家的车费，但他们让我们联系总部。我们给他们打过电话，但没有得到积极回应。”瓦航CEO：合同尚未终止针对社交媒体上流传的有关被终止合同的说法，菲诺进行了驳斥。他在接受采访时表示，到目前为止，他还没有收到任何关于终止合同的消息，这一决定将在法庭上面临挑战，因为他的合同将于2023年11月到期。新董事会致力于解决挑战2022年底，瓦航新一届董事会上任，致力于解决面临的挑战。董事会主席丹尼尔（Willie Daniel）表示:“我们现在的主要任务是确保与技术团队和管理层密切合作，并寻求航空专家的专业建议，帮助我们引导瓦航公司摆脱困境。”他说，董事会也热切希望看到这家国家航空公司在区域航空领域重新获得地位。与此同时，反对党领袖拉夫曼（Bob Loughman）敦促政府提供进一步的财政支持，以确保该航司达到其标准，不会让民众失望。政府应该为瓦航公司投资更多的钱，这样这家航空公司才能成功，因为瓦努阿图一直被标榜为世界上最幸福的地方。（萨琳编译）,971,旅游,瓦努阿图,飞行员 瓦航 公司 航空 董事会 ,瓦努阿图航空,2023.1.5,233,http://mp.weixin.qq.com/s?__biz=MjM5NjM1OTI1Nw==&mid=2649227640&idx=7&sn=64b2ae3199dbd4278e51cb7242adae12&chksm=bef6dc4e898155585c1d7861aabb9e813784cf733ea43ec6d0dc52ccddd3fb6fe75cc7890d52#rd
170,元旦起重开边境 美属萨摩亚欢迎游轮回归,从元旦（1月1日）开始，美属萨摩亚将欢迎游轮入境。新西兰RNZ 28日报道，在本月早些时候的新冠疫情特别工作组会议上，有消息称政府正在准备一份声明，正式宣布重新开放。前任政府对领土实施了旅行限制，这种限制一直延续到现在的莱马努政府，后者在过去几周开始取消限制。特别工作组会议的议程之一是美属萨摩亚是否准备好迎接游轮回归。卫生部长努阿（Motusa Tuileama Nua）说，明年1月1日是游轮入境的好日子。美属萨摩亚旅游局执行主任米妮（Taimalelagi Minnie）表示，明年将有18艘游轮计划到访。米妮对卫生部的支持表示感谢，宣布边境将于2023年1月1日重新对游轮开放。她说，供应商已经准备好了，“我们也准备好了。”她补充说：“美属萨摩亚是该地区最后一个对游轮开放的司法管辖区，该行业需要政府正式宣布美属萨摩亚将重新对游轮开放。”（周晓编译）,379,旅游,新西兰 美属萨摩亚,游轮 美属萨摩亚 政府 准备 开放 ,美属萨摩亚,2023.1.1,236,http://mp.weixin.qq.com/s?__biz=MjM5NjM1OTI1Nw==&mid=2649227563&idx=1&sn=e144cf309c6442285e55812d1149e5fa&chksm=bef6dc1d8981550b52f4011ffa0acb8bdd30d752241ff129c0c6ea89005f85353338a7cb8428#rd
172,瑙鲁航空：年后澳大利亚与五岛国航班将增加至每周一班,瑙鲁航空公司（Nauru Airlines）在两个月前恢复了澳大利亚与5个中太平洋国家之间的航班服务后，于近日宣布，从明年1月的第一周开始，将航班班次提高到每周一班。新西兰RNZ 29日报道，自10月恢复正常服务以来，该航班一直是每两周一班。据悉，瑙鲁航空公司已经恢复了连接澳洲布里斯班与所罗门群岛首都霍尼亚拉、瑙鲁、基里巴斯塔拉瓦、马绍尔群岛马朱罗和密克罗尼西亚联邦波纳佩的唯一航线。据该航空公司称，除了改为每周一次的航班外，还将从目前的周日抵达改为周四至周五抵达。从明年1月5日起，该航空服务将连接布里斯班和这5个国家，并在周五沿同一航线返回。这项航空服务最初得到了澳大利亚政府的支持，并保证为客货不平衡的航班提供支持。该航空公司最近还任命了一位新的首席执行官格伯斯（Brett Gebers），他此前曾有负责管理所罗门航空公司的经验。,370,旅游,澳大利亚 所罗门群岛 瑙鲁 基里巴斯塔拉瓦 马绍尔群岛 密克罗尼西亚联邦,航空 航班 公司 瑙鲁 服务 ,答澳大利亚政府 所罗门航空公司 密克罗尼西亚联邦,2022.12.29,238,http://mp.weixin.qq.com/s?__biz=MjM5NjM1OTI1Nw==&mid=2649227563&idx=3&sn=1623bfa18cecee5fdc21aecc549b128b&chksm=bef6dc1d8981550b30e59330332bd09a027b422f2bd746ecb388bd764adcdee1e75fa43de9c6#rd
180,不再出现独家代理！瓦国内政部称在修改永居签证相关条款,共有14名永久居留权（PR）计划的代理商近日致函瓦国内政部长埃米利（Christophe Emelee），向他发出最后通牒，要求他在14天内重新考虑终止合同的决定，否则将面临法庭诉讼。《瓦国日报》24日报道，其中一家代理商表示，他们已于12月16日递交了信件，最后通牒将于12月28日失效。他说，他们已就部长代表政府指定太平洋之星顾问瓦努阿图有限公司（PSCVL）作为永居权项目独家代理的决定提出质疑。该代理商称，与PSCVL一样，所有14家代理商都在2020年签署了一份为期10年的合同。作为对代理商信件的回应，20日，埃米利发布通知表示不再有任何地区的独家代理。他指出，“从本通知起，没有任何唯一代理商成为任何地区的代理，所有代理商可以自由地收集和提交来自所有地区的申请，从本通知起，内政部已指示移民局不要执行2022年移民签证条例第214号修订令，即授予PSCVL独家代理权。任何被发现违反上述条款的代理商都将受到相应的警告。如果该代理商在警告后继续违反上述条款，政府将采取适当的措施处理代理商。所有永居权代理公司都被告知，在2023年3月20日之前，应在上述条件下继续正常经营。”与此同时，埃米利在通知中还表示，内政部正在修改PR签证计划，并制定新的条款和条件。,535,旅游,瓦国,代理商 代理 独家 条款 所有 ,瓦国内政部,2022.12.23,247,http://mp.weixin.qq.com/s?__biz=MjM5NjM1OTI1Nw==&mid=2649227529&idx=6&sn=76855bf7b218aec2e0c1cc4fa11f7092&chksm=bef6dc3f89815529758394e5dc230b0890910ba2666a9f51200b21a121ba0977cca9e3a73215#rd
182,一期工程由中企建设！瓦国南桑托岛终于迎来新公路,经过几十年的等待和对糟糕道路的不满之后，瓦努阿图南桑托岛民众近日将通过世界银行的财政援助拥有永久性的道路基础设施。《瓦国日报》报道，12月24日，瓦努阿图政府与中标的中国土木工程集团有限公司（CCECC）签署了该项目的第一部分建设工程书。CCECC总经理青·利亚姆（Liam Qing，音译）表示，瓦努阿图气候适应性交通项目包括南桑托岛的桥梁。他说，工程范围将包括11座新建桥梁、2座箱涵和3座修复桥梁。利亚姆说，包括桥梁建设在内的第一个项目的总成本超过50亿瓦图（约合5876.5万美元），这是从南桑托岛的Saint Michel到Tassiriki村的130亿瓦图（约合1.53亿美元）公路项目的一部分。这130亿瓦图的一部分是来自世界银行的50%赠款和50%贷款。第一期工程预计将于明年3月开始，为期两年。南桑托岛公路项目全长约66公里。来自南桑托岛的桑马省政府理事会（SPGC）财务主管马克（Leon Marc）表示，该项目是一个里程碑式的进展。这对桑托岛南部地区很重要，因为这里有椰子树、可可和卡瓦。但由于路况不好，他们要花几个小时才能把产品运到卢甘维尔（Luganville）。这条公路将成为渔业和农产品运输到卢甘维尔市场的重要纽带，也是卫生、教育、社会服务和旅游的重要通道。（周晓编译）,550,旅游,瓦努阿图 中国,南桑托岛 项目 工程 公路 桥梁 ,世界银行 中国土木工程集团有限公司（CCECC） 瓦努阿图政府 桑马省政府理事会（SPGC）,2022.12.22,249,http://mp.weixin.qq.com/s?__biz=MjM5NjM1OTI1Nw==&mid=2649227529&idx=8&sn=007de8eae15fc489dead1c79a33a52b3&chksm=bef6dc3f8981552979866be48db18c334ed112972adced249f911867ed5cec870abcf6920a8b#rd
199,安全不能忽视！所罗门发布节日出行必备指南,所罗门群岛皇家警察部队（RSIPF）近日呼吁所有计划乘船和船外机（船尾外装发动机，OBM）旅行的民众，在返回家乡岛屿庆祝2022年圣诞节和新年时注意海上安全。《所罗门星报》11日报道，载客的船只和OBM运输船在离港前必须符合所有安全要求。旅行前，请妥善规划行程。以下是旅行前需要注意的安全事项：-计划好你的旅行，至少让家人知道你要去哪里，预计什么时间到达；-在所罗门群岛广播公司（SIBC）上查询天气情况或拨打免费电话933、36310或24219；-如果你开始旅行时天气变糟，请寻找避风处，直到海面平静；-确保您的船只适航，并确保您的OBM是经过维修和保养的；-了解你的船长。确保他们有驾驶船只的经验；-不要让船超载；-穿救生衣。携带食物和水、船桨、急救箱、锚和绳子、向他人发出信号的镜子、工具、水桶、手电筒、电话、照明弹和卫星紧急无线电示位标（EPIRB）；-携带额外燃料;-如果你的船长喝醉了，不要和他们一起去，也不要让他们控制船；以及-如在海上需要帮助，请拨打海上救援协调中心（MRCC）的电话21609或27685，或免费电话977；或拨打RSIPF国家通讯中心的电话23666或免费电话999。在节日期间，RSIPF的官员进行了多项警察行动。全国范围内的行动将集中在交通方面，以制止酒后驾驶、反社会行为（包括造成滋扰和噪音）、基于性别的暴力以及在水域的安全旅行。,587,旅游,所罗门群岛,旅行 电话 安全 所罗门 RSIPF ,所罗门群岛皇家警察部队（RSIPF） 所罗门广播公司（SIBC） 海上救援协调中心（MRCC）,2022.12.13,269,http://mp.weixin.qq.com/s?__biz=MjM5NjM1OTI1Nw==&mid=2649227383&idx=1&sn=1ef9d55f41abb22fa4f5f7dc8ced6da4&chksm=bef6dd4189815457b68b6ad6e0901ba3aae1cd9ff11fe7a68953581624211ea911d1d971a251#rd
204,成太平洋唯一幸免地区！托克劳为阻断疫情继续关闭边境,托克劳卫生官员15日表示，托克劳没有自满的余地，尽管该国迄今为止躲过了新冠肺炎疫情。新西兰RNZ报道，世界卫生组织（WHO）的一位发言人说，托克劳是太平洋唯一没有任何病例记录的地区。世卫组织驻萨摩亚的托克劳发言人迪克森（Kim Eva Dickson）说，托克劳政府已采取措施为应对疫情做好准备，包括大力开展疫苗接种运动、全面检测和边境管制。大约93%的5岁及以上符合条件的托克劳已完全接种疫苗。所有医护人员、老年人和弱势人群都已全面接种疫苗，并接种了第一剂加强针。托克劳的边境仍然关闭。迪克森说，这种做法值得称赞，使该国有时间完成疫苗接种运动。三个环礁中的其中两个环礁有两名医生，而在托克劳全国共有近40名医护人员。迪克森说，新西兰外交贸易部（MFAT）提供了支持，还帮助托克劳采取了疫情防范措施。我们将继续敦促托克劳和所有太平洋岛屿国家和地区保持警惕，加强疫情监测，并准备在任何潜在暴发的迹象时迅速作出反应。”,407,旅游,新西兰 托克劳 ,托克劳 疫情 接种 疫苗 太平洋 ,世界卫生组织（WHO） 新西兰外交贸易部（MFAT） 亚太计划,2022.12.10,275,http://mp.weixin.qq.com/s?__biz=MjM5NjM1OTI1Nw==&mid=2649227383&idx=7&sn=02f4279fec30752e5a9f0f424ff88793&chksm=bef6dd4189815457bb3d3c5501a4e1ca00adb0df60a43ac38eaf2f81e1b9f8032570828f8f14#rd
229,瓦努阿图与新喀里多尼亚签署旅游合作伙伴协议,负责瓦努阿图旅游、贸易、商业的部长塞雷迈雅（Matai Seremaiah）近日与新喀里多尼亚旅游局局长、董事会会长福里斯特（Michael Forrest）签署了一项伙伴关系协议。瓦努阿图《瓦国日报》12月3日报道，根据瓦努阿图旅游局的一份声明，该伙伴协议是对两国的国家旅游局进行联合合作、开展有针对性的营销和促销活动的肯定，并更好改善旅游业发展。声明称，“新的伙伴关系有效地为尽快制定联合合作计划铺平了道路，使两国旅游局能够在主要国际客源市场加强合作，开展有针对性的联合营销和促销活动。塞雷迈雅感谢福里斯特为两国在旅游业发展领域建立更紧密的工作关系所做的努力，并补充说，他希望看到两国通过利用旅游业作为促进其他贸易和商业机会的工具，为经济增长获得更多的商业机会而繁荣。对此，福里斯特也对塞雷迈雅和与会政府代表表示感谢。（萨琳编译）,367,旅游,瓦努阿图 新喀里多尼亚,瓦努阿图 合作 伙伴 旅游局 协议 ,瓦努阿图旅游局,2022.12.6,298,http://mp.weixin.qq.com/s?__biz=MjM5NjM1OTI1Nw==&mid=2649227298&idx=4&sn=6f849984fd796cfe1676667e5b9927d6&chksm=bef6dd1489815402ba290abb101cd59e6c672c0face94b656605a3e4233f2ae9566f6140fa78#rd
234,海外投资者频遭抢劫想离开？瓦国官方：这里仍值得投资,对于任何地方的投资者来说，像抢劫这样的社会问题都伴随着投资风险。此项声明是瓦努阿图外国投资促进委员会（VFIPA）代理首席执行官巴尼（Minnie Bani）近日在维拉港对一名外国投资者的公司被抢劫后发表的。《瓦国日报》2日报道，巴尼说，瓦努阿图不像其他太平洋国家那么危险。巴尼对Tassiriki Trading Haus商店老板布拉德伯恩（Gary Bradburn）表示同情，并希望这些抢劫犯能被绳之以法。据悉，身为外国投资者的Tassiriki Trading Haus商店所有者布拉德伯恩在被抢劫后考虑离开瓦努阿图并关闭商店。但巴尼却表示，在促进投资方面，VFIPA将继续宣传瓦努阿图是一个值得投资的好国家。巴尼指出，总的来说，瓦努阿图对外国投资最具挑战性的问题是气候变化的影响和经营成本，他们正在与其他主要机构合作，寻求解决方案，使投资环境变得更有利，也更具竞争力。,389,旅游,瓦努阿图 太平洋国家,投资 瓦努阿图 巴尼 投资者 抢劫 ,瓦努阿图外国投资促进委员会（VFIPA）,2022.12.3,305,http://mp.weixin.qq.com/s?__biz=MjM5NjM1OTI1Nw==&mid=2649227296&idx=2&sn=4a73d47229cd7480a0530334e9c3f1be&chksm=bef6dd16898154003bc82f9b2c1909a394c85d4b2698f98b8f9edabc57f1e508527eed1c5b39#rd
236,明年可直飞！库克群岛增开至悉尼和夏威夷航线,库克群岛旅游业委员会近日对政府宣布与两家新航空公司建立合作关系感到高兴，但表示，要到2023年中期才会看到实际好处。新西兰RNZ6日报道，该委员会主席斯科特（Liana Scott）说：“（航班）不仅仅来自一个国家，而是两个。所以我们真的很高兴能通过夏威夷让北美重新回到库克群岛，当然，悉尼很快也会加入。这将使我们这个如此依赖旅游业的小国发生翻天覆地的变化。”政府宣布的航空公司合作伙伴关系包括与夏威夷航空公司在拉罗汤加岛和檀香山之间的直飞航班，该航班将于明年5月开通。同时，从明年6月起，往返于悉尼的直飞航班也将启动。斯科特说，虽然企业需要再等一段时间，但由于航班起飞后现金流有望增加，这会使等待变得更加轻松。“本身没有一个神奇的数字，但我们观察了2019年的数据，包括来自美国和欧洲，以及直接来自悉尼（的数据）。这可能会带来5万多名游客。”她继续说：“计划是将从悉尼出发的航班数量增加至3班，目前将从每周两班开始，如果有足够的需求，他们希望将增加到3班，夏威夷航线也是如此。”库克群岛政府已经拨出1000万新西兰元（约合640万美元）用于承保航班。（周晓编译）,482,旅游,新西兰 美国 欧洲 悉尼 夏威夷,航班 悉尼 库克 群岛 夏威夷 ,新西兰 夏威夷航空公司 拉罗汤加岛 檀香山,2022.12.3,308,http://mp.weixin.qq.com/s?__biz=MjM5NjM1OTI1Nw==&mid=2649227296&idx=5&sn=9295169c0dc28510b6338a62fb155129&chksm=bef6dd16898154004c3afb8b681476d345a80bc0c504cb498db553443aadb9be86645afcdeea#rd
240,巴新重启落地签 所罗门及MSG成员国公民可办理,巴布亚新几内亚副总理兼劳工和移民代理部长罗索（John Rosso）和首席移民官呼拉华（Stanis Hulahau）近日在莫尔兹比港宣布，所罗门群岛公民和美拉尼西亚先锋集团（MSG）其他国家的公民现在前往巴新时，可以获得落地签。所罗门群岛《所罗门星报》11月24日报道，此前，巴新政府正式宣布重新启动落地签证程序。该程序的重新启动意味着包括所罗门群岛、瓦努阿图、斐济和新喀里多尼亚在内的MSG成员国的公民在抵达莫尔兹比港的杰克逊国际机场时可以获得签证，但不包括MSG的准成员——印度尼西亚和观察员——东帝汶。所罗门群岛驻巴新高级专员索基（William Soaki）表示：“从2022年11月22日开始，MSG成员国公民在前往巴新时可以再次享受落地签证服务。我代表所罗门岛政府感谢巴新政府的这一及时表态。我也借此机会通过巴新国家经济合作委员会感谢巴新政府重启程序。我还向他们保证，通过航空运营商，我们将确保所罗门群岛公民遵守巴新的法律法规，并在旅行前出示疫苗接种卡。”据悉，过去，想去巴新旅游的所罗门群岛人必须在霍尼亚拉办理签证。另外，根据MSG协议，前往斐济和瓦努阿图的所罗门群岛公民也可以在这两个国家获得落地签。（萨琳编译）,515,旅游,所罗门群岛 瓦努阿图  新喀里多尼亚 印度尼西亚 东帝汶 巴布亚新几内亚,巴新 所罗门 公民 群岛 MSG ,所罗门群岛 瓦努阿图 斐济 新喀里多尼亚 MSG 东帝汶 美拉尼西亚先锋集团,2022.12.2,316,http://mp.weixin.qq.com/s?__biz=MjM5NjM1OTI1Nw==&mid=2649227226&idx=4&sn=fcd02af197b676be15985b447d004814&chksm=bef922ec898eabfa590322985aaf508a973d69af3659207d2bc33d038e59b8bc33732637ffe8#rd
241,假冒商品泛滥，却没法管？斐济等国用上国际经验,太平洋地区的高级海关和知识产权官员近日认识到，他们面临的艰巨任务是打击假冒商品贸易的增长。假冒商品交易在太平洋地区日益泛滥，对所在地区民众的健康和安全构成切实和严重的威胁。太平洋岛屿新闻协会网11月23日援引大洋洲海关组织秘书处官网报道，近日在劳托卡（Lautoka），官员们开会讨论了各种方法，包括更新知识产权法（IPR），以阻止从服装、食品、药品到机械、杀虫剂和电子产品的假冒商品交易。大洋洲海关组织代理主管斯通（Irma daphne Stone）说：“由于造假者从事这一行业的目的是通过欺骗公众购买假货来牟取利益，因此他们会降低投入标准，以降低成本，实现利润最大化。”斯通继续指出，“通过降低这些标准，许多假冒商品对我们消费者的健康和安全构成了重大风险。这些威胁包括缺少重要营养成分或医疗成分的假冒食品和药品，以及由不合格或危险材料制成的重要汽车部件，如刹车片。这些都是真正的威胁。在食品安全方面，对环境有害的假冒农产品可以轻易地摧毁一个国家的产量。我们必须在边境保持高度警惕，防止这些假药进入我们的国家。”从全球趋势来看，制假和伪造活动产生的金融收益也为包括非法毒品贸易在内的其他犯罪活动提供了资金。太平洋地区的海关和知识产权官员面临的挑战包括，在缺乏适当法律的情况下对侵犯知识产权的行为进行监管，以及拥有适当的专业知识来识别边境上的假冒产品。研讨会得到了美国专利商标局（USPTO）和澳大利亚边防局的支持，他们分享了经验和国际上的最佳做法。研讨会的参加者来自澳大利亚、斐济、基里巴斯、瑙鲁、纽埃、帕劳、萨摩亚、所罗门群岛、东帝汶、图瓦卢、汤加和瓦努阿图，以及来自澳大利亚边防局和美国专利商标局的资源专家。（周晓编译）,714,旅游, 基里巴斯 瑙鲁 纽埃 帕劳 萨摩亚 所罗门群岛 东帝汶 图瓦卢 汤加和瓦努阿图,假冒 商品 太平洋 地区 海关 ,美国专利商标局澳大利亚边防局大洋洲海关组织,2022.12.1,317,http://mp.weixin.qq.com/s?__biz=MjM5NjM1OTI1Nw==&mid=2649227219&idx=1&sn=9ea05e2ae76e4f19e981e00b953724cb&chksm=bef922e5898eabf3c919187b75f0eeb9763c08fed00e6f3189ace6e2a95e180ba1de4afe5ef7#rd
242,水下奇妙抢先看！所罗门群岛发现新的淡水鱼和对虾,10月，科学家们在所罗门群岛西部省的几个岛屿共发现了4种新的鱼类和2种潜在的新鱼类，以及8种新的记录和2种潜在的新对虾。所罗门群岛《所罗门星报》11月23日报道，位于所罗门群岛西部省吉佐（Gizo）的生态解决方案公司（ESSI）11月初发表的一份声明证实了这一点。这是由位于法国巴黎自然历史博物馆（MNHN）的法国鱼类学会（SFI）和ESSI在最近一次考察中发现的。声明称：“在10月24日的考察结束时，共记录了52种鱼类、22种对虾和6种螃蟹。”报道称，探险队于10月23日至10月31日在西部省的Rendova Island、Tetepare Island和South New Georgia Island的河流上进行勘测活动。该团队由来自MNHN的4名科学家和来自ESSI的两名所罗门群岛生物学家及船员组成。在Tetepare Island，该团队希望能偶遇曾于2006年在Hokata River发现的知名鱼类“面条鱼”。法国鱼类学学会洛德（Clara Lord）表示，尽管无法收集到“面条鱼”，但团队对探险期间的发现非常满意。该团队还想感谢所有的酋长及其社区允许他们进入村庄。在探险活动进行的9天里，该团队十分乐于与不同村庄的人分享成果。Tetepare后裔协会主席丹尼尔（Jack Daniel）说：“我们需要像你们这样的研究人员来我们的岛屿进行研究，发现和记录我们河流中的淡水动物。”这些最新的结果将汇编成所罗门群岛淡水动物群的报告。最近的发现将有助于改进该团队已于2021年出版的淡水鱼书。来自ESSI的波斯托（David Boseto）解释说：“这本书是用英语和混杂语言写的。”据悉，这本书将提高人们对淡水鱼类丰富的生物多样性意识，并意识到原始森林对栖息地和淡水质量所发挥的作用。这本书还将在需要时提供有关保护和管理行动的重要信息，因为书中有关物种的知识，可为当地社区和资源管理人员提供可以随时执行管理行动的指导。（周晓编译）,822,旅游,法国 所罗门群岛,所罗门 发现 群岛 鱼类 团队 ,所罗门群岛生态解决方案公司（ESSI） 法国巴黎自然历史博物馆（MNHN） 法国鱼类学会（SFI） Tetepare后裔协会,2022.12.1,318,http://mp.weixin.qq.com/s?__biz=MjM5NjM1OTI1Nw==&mid=2649227219&idx=2&sn=368e94f446f1c549de3d78bd50589ffa&chksm=bef922e5898eabf3752625e4aa4c0b3bd2a7b03c90b1b418d09bead4be0fd82a88cdec10e5ba#rd
244,欢迎行走的推荐官！萨摩亚旅游局在宣传上下足功夫,作为萨摩亚旅游局（S.T.A.）将萨摩亚推广为旅游目的地所作广泛努力的一部分，一名新西兰生活方式杂志的编辑近日到访了该国。萨摩亚观察者网11月29日报道，S.T.A.销售和市场经理本特利（Dwayne Bentley）证实了VIVA生活方式杂志副主编的到来，并证实了他们的旅行行程包括去萨瓦伊（Savai'i）的行程。他说：“随着边境对国际游客重新开放，S.T.A.的媒体访问项目重新开始。”本特利还证实，其机构正在接待主流媒体人员，并通过海外游客亲友频道，宣传萨摩亚开放国际边境以来的情况。“从美属萨摩亚、新西兰和澳大利亚（8月1日至2日）出发的首批航班上，媒体（来自主流和V.F.R频道）已经抵达，这是该项目的一部分。”本特利指出，“他们在乌波卢（Upolu）和萨瓦伊都进行了一系列的体验。这与将宣传活动的重点放在主要客源市场（包括新西兰）上的战略保持紧密一致，并通过在付费媒体频道上创建和上传目的地内容，提高品牌知名度，增加萨摩亚在主要目标市场的旅游偏好。”本特利表示，本地旅游运营商在宣传活动期间都提供了很大的帮助。一位运营商说，S.T.A.的工作人员已经把几位推广员带到了南海岸。“我看到很多旅行作家都是和S.T.A.的工作人员一起来的。这是一个好迹象。我希望他们多和本地人交流，感受我们的文化，以及我们与该地区其他国家的特殊之处，因为萨摩亚非常不同。”（周晓编译）,588,旅游,新西兰 美属萨摩亚 澳大利亚 萨摩亚,萨摩亚 S.T.A 宣传 媒体 旅游 ,萨摩亚旅游局（S.T.A.）,2022.11.30,320,http://mp.weixin.qq.com/s?__biz=MjM5NjM1OTI1Nw==&mid=2649227219&idx=4&sn=6ee508313e11942390c31ccb94fb0bf0&chksm=bef922e5898eabf33ad3dac9baaf62a422b8e6dd217df25aedc7b7c009c7f711d6118581371d#rd
245,获7000万美元援助 太平洋14国合作开发渔业预警APP,14个太平洋岛屿国家近日正在共同研究起草一项独特的申请，以获得来自绿色气候基金（GCF）为渔业适应性提供的7000万美元的拨款。新西兰RNZ11月30日报道，该提案由两部分组成。首先，认识到太平洋人口增长对沿海渔业的负担，并增加金枪鱼的供应，以填补鱼类供应的缺口。第二，在改进的模型基础上开发一个高级预警系统，使太平洋国家能够更好地跟踪预测出的金枪鱼受气候变化影响向东分布的情况。太平洋共同体气候渔业顾问库莫鲁（Ludwig Kumoru）是该提案的支持者之一。他说，在谈到气候影响时，开始跳出思维定式是很重要的。“你知道，我们长期以来一直关注渔业，关注捕鱼对鱼类资源的影响，但现在我们知道气候也在影响鱼类资源。因此，我们必须将其纳入渔业管理的讨论中。”帮助太平洋国家获得绿色气候基金的组织叫做保护国际（Conservation International）。该组织的高级主管贝尔（Johann Bell）说：“GCF将提供总计7000万美元的赠款资金。但我们也期待着大量的共同融资。因此，在7年的时间里，完成这项工作总共需要花费1.2亿美元。其中一半多一点将用于加强14个参与国的鱼类聚集装置计划，其余将用于开发这种先进的预警系统，以减少金枪鱼对海洋变暖反应的不确定性。”GCF已经批准了申请的概念，目前正在为该项目制定资助提案，目标是在2024年4月提交。参与GCF区域金枪鱼方案提案的国家有：库克群岛、斐济、基里巴斯、马绍尔群岛、瑙鲁、纽埃、帕鲁阿、巴布亚新几内亚、萨摩亚、所罗门群岛、汤加、图瓦卢和瓦努阿图以及密克罗尼西亚联邦。（周晓编译）,674,旅游,库克群岛  基里巴斯 马绍尔群岛 瑙鲁 纽埃 帕鲁阿 巴布亚新几内亚 萨摩亚 所罗门群岛 汤加 图瓦卢和瓦努阿图以及密克罗尼西亚联邦。,太平洋 渔业 气候 美元 国家 ,绿色气候基金（GCF） 保护国际（ConservationInternational） 太平洋共同体气候渔业顾问库莫鲁（LudwigKumoru）,2022.11.30,321,http://mp.weixin.qq.com/s?__biz=MjM5NjM1OTI1Nw==&mid=2649227219&idx=5&sn=c52f25f2474dd4ec917d9c39102d5078&chksm=bef922e5898eabf3203eb82f23c06e77574d0592482a33934be472aa66a72bfa2e6ffbcb2f89#rd
247,斐济航空开通飞往汤加和萨摩亚的新航班,斐济航空公司（Fiji Airways）近日宣布向汤加和萨摩亚等热门旅游目的地提供额外航班服务，并为塔布阿俱乐部（Tabua club）会员提供新的优惠。Traveldailymedia网站报道，斐济航空公司目前提供每周三次从斐济楠迪飞往萨摩亚的夜间航班，以及每周两次飞往汤加的夜间航班，以满足旅客对前往南太平洋度假的日益增长的需求。随着夜间航班的增加，旅客们现在有更多的选择来到热带天堂斐济、萨摩亚和汤加游玩。从楠迪出发，斐济航空目前提供每周7次飞往萨摩亚的航班，以及每周5次飞往汤加的航班。在谈到扩大服务的决定时，斐济航空公司董事总经理兼首席执行官维尔约恩（Andre Viljoen）表示：“随着假期旅游旺季的临近，我们很高兴为旅客提供更多前往南太平洋目的地的航班。”据悉，飞往汤加和萨摩亚的大多数旅客都是从悉尼出发，而且表现超出了预期。“我们还看到12月从布里斯班飞往汤加和1月从墨尔本飞往萨摩亚的航班需求有所增加。”直到今年8月1日，国际游客才可以再次入境萨摩亚和汤加。自今年9月开始，从萨摩亚进入汤加仅需确认已接种疫苗。斐济航空不断扩大的目的地和服务网络，目前包括斐济、澳大利亚、新西兰、美国、新加坡、萨摩亚、汤加、图瓦卢、基里巴斯、瓦努阿图、所罗门群岛和加拿大，并于11月25日扩大飞往汤加和萨摩亚的班次。此外，斐济航空还表示，它获得了南太平洋最佳食品和饮料的APEX乘客选择奖。,597,旅游, 澳大利亚 新西兰 美国 新加坡 萨摩亚 汤加 图瓦卢 基里巴斯 瓦努阿图 所罗门群岛和加拿大,汤加 萨摩亚 飞往 航班 航空 ,APEX乘客选择奖,2022.11.30,323,http://mp.weixin.qq.com/s?__biz=MjM5NjM1OTI1Nw==&mid=2649227219&idx=7&sn=7dcf3f80d6b5b3496cbbff5306813fdd&chksm=bef922e5898eabf37d7f0e1f2f9f1e6a08a775889d733e187e7d3255eea462ff2f3de4876647#rd
252,建设气候适应型码头 新西兰向瓦努阿图资助1000万元,新西兰23日宣布将帮助瓦努阿图完成三座气候适应性码头的建设，以支持太平洋地区的经济复苏。新西兰RNZ报道，新西兰太平洋人民事务部部长西奥（Aupito William Sio）在瓦努阿图首都维拉港代表新西兰出席南太平洋共同体（SPC）部长级会议时宣布了这一消息。西奥表示，作为瓦努阿图岛内航运支持项目（VISSP）的一部分，1000万新西兰元的资金将用于帮助建成码头。他说，早些时候新西兰已帮助VISSP完成了两座码头的建设，建立了瓦努阿图海事监管机构办公室，并推行了加强海上安全监管能力的改革。他补充说：“在新西兰的支持下，维拉港南帕雷码头的重新设计工作也已经完成，南帕雷和其他两个码头的工作正在进行中。”新西兰外长马胡塔（Nanaia Mahuta）表示，码头的建成将有助于改善岛屿间的联系，支持更广泛的卫生服务和教育。“新西兰是一个太平洋国家。对太平洋地区有利的事对我们也有利，因为我们知道，影响太平洋周边地区的经济和气候问题，也对我们国内有直接影响。因此，帮助建立可靠和定期的航运服务对瓦努阿图人民的经济繁荣、生计和福祉至关重要。”每年，有成千上万的公民往返于瓦努阿图和新西兰之间，进行教育、旅游，并作为公认的季节性劳工（RSE）计划的一部分工作。在新西兰关闭边境期间，瓦努阿图是太平洋地区唯一一个仍用包机运送RSE工人的国家，以填补园艺行业的劳动力短缺。马胡塔指出，“新西兰和瓦努阿图有着密切的伙伴关系，在新冠肺炎疫情造成的破坏之后，这是一个重新建立面对面联系的机会。”（周晓编译）,646,旅游,新西兰 瓦努阿图,新西兰 瓦努阿图 码头 太平洋 帮助 ,南太平洋共同体（SPC） 瓦努阿图岛内航运支持项目（VISSP） 季节性劳工（RSE）计划,2022.11.27,328,http://mp.weixin.qq.com/s?__biz=MjM5NjM1OTI1Nw==&mid=2649227134&idx=2&sn=3b24e9790969d2a88284243ecfd6a947&chksm=bef92248898eab5ed7f7b290c7ce8728e417dab074ebe15b03ddb16eb6e083ce9224b45da827#rd
262,致力于恢复欧盟免签入境 瓦努阿图为公民项目寻找新代理,瓦努阿图新当选的总理卡尔萨考（Ishmael Kalsakau）近日表示，对新政府为恢复欧盟免签入境所做的努力充满信心。瓦努阿图《瓦国日报》报道，新总理坚持政府不会停止，直到他们挽救局势，恢复瓦努阿图公民计划的完整性。卡尔萨考从一开始就参与指导政府设立这个项目，他说，“对公民项目的重组最终将改善该项目的管理，同时解决欧盟提出的问题。我们也注意到，这样的重组不能影响从该计划获得的收入。”政府将考虑各种可用的选择，其中之一可能是瓦努阿图采用“一个主代理”。虽然当局仍在考虑这个选项，但这意味着所有代理将在一个主代理手下。另一方面，一名系统设计者被指定来设计和建立一个数据库系统，这将最终改善项目的管理。系统将集中所有数据，并在公民身份、财政、瓦努阿图金融情报部门（VFIU）和国际刑警组织等关键利益攸关方之间建立联系。这个项目为政府收入贡献了大量现金。仅公民身份计划的收入目标就为每年90亿瓦图（约合7470万美元），目前已经筹集了55亿瓦图（约合4565万美元）。政府相信，该项目将在今年12月底前实现年度目标。（萨琳编译）,463,旅游,瓦努阿图 欧盟,项目 瓦努阿图 政府 公民 代理 ,欧盟 瓦努阿图公民计划 瓦努阿图金融情报部门（VFIU） 国际刑警组织,2022.11.24,339,http://mp.weixin.qq.com/s?__biz=MjM5NjM1OTI1Nw==&mid=2649227095&idx=6&sn=de5c7c95ca6cdd0aff655c0783fe72a9&chksm=bef92261898eab776dd97ec9744445f586659455eb358e7008e6a9b1a7caf66c6a03431c51f2#rd
264,澳新劳工计划致大批岛国医护人员外流 专家：岛国医疗体系出现严重缺口,随着澳新劳工计划得重启，太平洋岛国越来越多从事老年护理工作的资深护士纷纷离开，前往澳大利亚和新西兰工作，专家们担心，这种“人才外流”正给岛国的医疗体系留下严重缺口。澳洲广播公司（ABC）报道，世界各地的卫生系统都在努力解决人员配备长期不足的问题，而疫情加剧了这一问题。许多国家正在从国外引入劳工。今年4月，澳联邦政府通过太平洋澳大利亚劳工计划（PALM）增加了赴澳工作的员工数量，他们在酒店、旅游业和老年护理行业工作，以解决这里的关键技能短缺问题。斐济护理协会主席乌迪尼亚波拉（Alisi Vudiniabola）表示，斐济许多“非常有经验和非常合格”的护士都陆续离开了，去从事他们无法胜任的工作，比如老年护理。她表示：“其中一些是助产士，一些是高级临床护士，一些是初级卫生保健中心的经理。失去这些合格的护士对斐济来说是一个巨大的损失。”目前还没有关于在海外工作的斐济护士总数的数据，但乌迪尼亚波拉估计，在过去的6个月里，约有一半的斐济护士前往澳大利亚、新西兰、中东和美国。尽管卫生系统面临越来越大的压力，但斐济政府对这些数字守口如瓶。乌迪尼亚波拉表示，至少在岛国医院工作的护士有机会提高自己的技能。“我只是希望……澳大利亚能看到他们职业发展的途径，而不是让他们只做老年护理人员。”所罗门群岛的情况也类似，这里繁忙的急诊部门最近因为澳大利亚的计划失去了一些“非常资深”的护士。所罗门群岛卫生部国家护理主任拉鲁伊（Michael Larui）表示：“他们的离开留下了缺口，所以对我们来说，这是一个问题。所罗门群岛应控制劳工外流，因为这肯定会对我们提供的服务产生影响”。在瓦努阿图，助产协会主席欧柏德（Harriet Obed）表示护士和助产士对PALM计划的兴趣越来越大，她说：“这促使护士们去国外寻找更好的选择。”（罗伊编译）,763,旅游,澳大利亚 新西兰 中东 美国  所罗门群岛 瓦努阿图,护士 工作 护理 劳工 计划 ,澳新劳工计划（PALM）助产协会所罗门群岛卫生部斐济护理协会,2022.11.22,341,http://mp.weixin.qq.com/s?__biz=MjM5NjM1OTI1Nw==&mid=2649227095&idx=8&sn=f7910f7c4e754ccf643aa464b312edca&chksm=bef92261898eab77ccd0f19cd9bc6a810c688c68babc2de8b8453b374bbc5a7669568efd21a4#rd
268,港口局基建项目完成 所罗门总理称赞“执法有力”,所罗门群岛港口局（SIPA）近日为三大主要基建项目举行官方揭幕仪式。在开幕式上，总理索加瓦雷（Manasseh Sogavre）称赞SIPA是一个“所罗门群岛成功执行法规的好例子”。所罗门群岛《所罗门星报》11月13日报道，这三个基建项目包括最近竣工的入口大门（Entry Gate）建筑、港口及执法（Harbours and Enforcement）建筑和即将竣工、耗资1.25亿所罗门元的国内航站楼及综合性广场。预计广场将耗资3500万至4500万所罗门元。索加瓦雷表示，他对SIPA在国内港口区域执法，禁售槟榔和烟草的能力感到惊讶。“我们国家有规定，但我们在执行时却非常松散。”他强调，SIPA证明，如果每个人都有所努力，执行好规定是可能的。他还提到，自2019年上任以来，他参加了多次剪彩和动工仪式。他很高兴能够见证这些活动，它们意味着政府的配备设置已经交付。（萨琳编译）,390,旅游,所罗门群岛,所罗门 SIPA 基建 项目 执法 ,所罗门群岛港口局（SIPA）,2022.11.18,347,http://mp.weixin.qq.com/s?__biz=MjM5NjM1OTI1Nw==&mid=2649227037&idx=3&sn=581b11a431cb40fa423bfb5b03e85b21&chksm=bef9222b898eab3d6e3644503c2412860174b4c5f0de804e0df9b51f321157fe23cd1afcffb7#rd
270,“不要再让我们的水母消失了” 帕劳总统COP27吁控制全球变暖,近日，在埃及沙姆沙伊赫召开的第27届联合国气候大会（COP27）上，帕劳总统惠普斯（Surangel Samuel Whipps）发表讲话，强调了气候危机对该国的影响。太平洋岛屿新闻协会11月10日援引南太平洋区域环境署报道，气候危机带来的极端高温已经杀死了帕劳世界知名的水母湖中3000多万只美丽且不蜇人的水母，夺走了这个太平洋国家的明星旅游景点之一，并影响了其经济。惠普斯说，“这是已知的第三起水母消失事件。1997年和2017年也发生过。每次它们都消失了两年。作为我们的明星景点之一，我们面临着失去旅游业一个关键组成部分的风险，这将进一步摧毁我们的经济。”他强调，这只是气候变化的众多影响之一，其他还包括海平面上升、干旱和粮食安全问题等。“这一现实突出了我们今天的紧迫呼吁，要求所有国家采取必要措施，将全球变暖限制在1.5摄氏度以内。我们不应该再被化石燃料挟持了。”惠普斯说，必须把COP27作为一个机会，采取有意义的步骤，帮助最脆弱的群体，特别是生活在太平洋地区的人，他们处于气候变化的最前沿。在COP27上，世界领导人可以从帕劳的经验中吸取教训。此外，帕劳还敦促发达国家兑现1000亿美元的气候资金承诺。（萨琳编译）,513,旅游,埃及 帕劳 美国,气候 帕劳 COP27 太平洋 水母 ,联合国 COP27 南太平洋区域环境署 亚太计划,2022.11.15,349,http://mp.weixin.qq.com/s?__biz=MjM5NjM1OTI1Nw==&mid=2649227037&idx=5&sn=0d1e90a69b1f0abdd295cc74d72923ef&chksm=bef9222b898eab3dcd1894138b5b5f8b97a30775d8fc73847bc18178432affa99a3a134bd50d#rd
271,欧盟暂停瓦国“黄金护照” 网上拍卖却“火”了？,欧盟近日宣布全面暂停瓦努阿图公民的免签入境，原因是瓦努阿图的“黄金护照”计划向投资者提供国籍。太平洋岛屿新闻协会网9日援引法新社报道，代表欧盟27个成员国的欧洲理事会8日表示，这一禁令将从2023年2月起生效。此举扩大了欧洲的部分暂停规模，这些暂停措施自今年3月谈判未能解决问题后生效。声明指出，“该国未能以任何有意义的方式参与进来，导致暂时中止的情况仍然存在。”欧盟方面一直在寻求打击所谓的“黄金护照”计划，既针对欧盟成员国，也针对那些允许公民在没有签证的情况下进入欧盟的非欧盟国家。欧盟将这些举措视为对其内部安全构成了威胁。一旦旅行者进入欧盟，欧盟成员国之间几乎不存在护照管制。就瓦努阿图而言，欧洲理事会强调其计划的申请人“拒签率极低”，其中包括来自需要欧盟签证国家的国民。声明还指出，瓦努阿图“黄金护照”的申请人不需要是该国的居民，一些人尽管在国际刑警组织的观察名单上，但还是得到了瓦努阿图护照。瓦努阿图计划的网上广告宣称，申请人可以在一到两个月内获得护照，费用为13万美元。其中一些网站注意到欧盟签证的变化，并添加了一个“更便宜的报价”——从加勒比海国家圣基茨岛和尼维斯（Saint Kitts and Nevis）获得护照，仍然可以免签证进入欧盟，价格为11万美元。（周晓编译）,544,旅游,欧盟 瓦努阿图 欧洲理事会 圣基茨岛和尼维斯,欧盟 护照 瓦努阿图 暂停 黄金 ,欧盟 欧洲理事会 国际刑警组织 瓦努阿图“黄金护照”计划 加勒比海国家圣基茨岛和尼维斯,2022.11.15,350,http://mp.weixin.qq.com/s?__biz=MjM5NjM1OTI1Nw==&mid=2649227031&idx=1&sn=e38da19562c034bf6281b8801b126a6f&chksm=bef92221898eab37f71584d55e9f2d1b6c8823841c51095b2441e25659f95d2d86417414f25e#rd
274,经常往返萨摩亚-新西兰旅客无需办签证？新西兰移民部长：尽快处理,新西兰政府很快将允许萨摩亚的频繁旅行者在访问新西兰时绕过签证要求。新西兰1News网15日报道，移民部长伍德（Michael Wood）证实，他希望在未来几个月内签署这一变化。这将覆盖那些经常旅行的人，包括商务和外交目的。伍德指出，“对于经常往返于太平洋地区和新西兰之间的人，我们有一些具体的要求，我们已经调查过了，以确定我们是否可以为他们提供便利，让他们更顺利地旅行。”当被问及这一例外情况是否可以进一步扩大到其他太平洋国家时，伍德说这些都是考虑的一部分内容。这些变化是在报道指出太平洋各国领导人近几个月来提出了对签证要求的担忧之后发生的。根据《官方信息法》发布的数据显示，被新西兰移民官员拒绝的所有旅游签证中，约有一半是来自太平洋国家的申请者。相比之下，想去太平洋地区度假的新西兰人不需要申请旅游签证。但是政府为目前的政策设置进行了辩护。伍德说：“我们尊重各国就自己的边界作出决定，并适当管理这些决定的权利。我相信，我们的太平洋伙伴也尊重新西兰为自己作出的这些决定。”太平洋人民部长西奥（Aupito William Sio）也认为这个问题是一个特别的焦点。“这是我们社区年复一年提出的一个问题。这种声音时而响亮，时而消散，但这次，呼声越来越大。”（周晓编译）,532,旅游,萨摩亚 新西兰 太平洋国家,新西兰 太平洋 签证 这些 经常 ,联合国 亚太计划,2022.11.10,354,http://mp.weixin.qq.com/s?__biz=MjM5NjM1OTI1Nw==&mid=2649227031&idx=5&sn=a443dd81877c88f20a28bcf5e9a0ee05&chksm=bef92221898eab37ba71f6f215de8bbeac30ed3125cef6e21c5b39166808e4e21a712aabce92#rd
282,半数太平洋游客不符合新西兰的“真正”游客标准？,新西兰绿党近日呼吁新西兰政府改变签证设置，允许来自太平洋群岛的游客在无需申请签证的情况下访问新西兰。太平洋岛屿新闻协会网4日报道，绿党太平洋岛裔事务发言人图奥诺（Teanau Tuiono）说:“太平洋人民应该能够去新西兰探亲，不管他们的收入如何，也不需要跳过殖民时期的障碍就能与对方共度时光。”11月1日，据新西兰1News网报道称，新西兰移民局拒绝的访问签证申请中，有一半是从太平洋地区前往新西兰的人。其中一个原因是来自太平洋的游客不符合“真正”游客的标准。图奥诺指出，“新西兰移民局拒绝签证申请的理由是，他们认为太平洋人可能想要长期居住在新西兰，但这通常是因为一种过时的、直白的、种族主义假设，因为他们或贫穷或失业。”他补充说：“在此基础上，‘突击检查’时代对太平洋人民的观念似乎在我们的签证规则中依然存在。这些殖民时代的规定意味着自由迁徙仍然是富人的特权，而数以百计的太平洋人却无法见到他们的家人。他强调，“如果本届政府真的（想让民众）相信它所说的新西兰是太平洋国家大家庭的一部分，那么它需要立即更新签证规则，以更好地反映太平洋国家的价值观。所以，绿党明确表示，无论收入如何，太平洋彼岸的人们都应该能够探访他们在新西兰的家人。”（周晓编译）,524,旅游,新西兰 太平洋群岛,太平洋 新西兰 签证 游客 绿党 ,新西兰绿党 太平洋岛屿新闻协会 新西兰移民局 联合国 亚太计划,2022.11.5,365,http://mp.weixin.qq.com/s?__biz=MjM5NjM1OTI1Nw==&mid=2649226968&idx=7&sn=dc69a50e6dec84b3fd4da35b29e7cfc1&chksm=bef923ee898eaaf8dcf1db57dc7a96965f89113acf1d39f5d8684573187886bddd0f6d3a5c55#rd
289,【快讯】2022年11月10日斐济共新增1例新冠确诊病例,今日共8名患者康复，自2020年3月19日确诊首个病例以来，斐济现有活跃病例75个，共记录了68287个病例，其中66335人康复，878人死亡。2021年4月出现的新一波疫情产生病例达到68217。死亡病例中，876人死于今年4月开始的第二波疫情。公众可登录http://bit.ly/3vE2ZBb查看确诊病例详细位置和热力图。卫生部还开通了疫苗接种热力图网站，公众可以登陆http://bit.ly/3h2JfCZ了解实时、详细的疫苗接种情况。截至2022年11月10日，斐济共有95.4%的成人（59.0万人）完全接种了疫苗，104.1%（原文数据）的成人（64.4万人）完成了第一针疫苗的接种。15至17岁的儿童共有32503名完全接种了疫苗，39075名完成了第一针疫苗的接种。12至14岁的儿童共有17232名完全接种了疫苗,369,旅游,Not mentioned,病例 疫苗 接种 确诊 共有 ,联合国,2022.11.1,373,http://mp.weixin.qq.com/s?__biz=MjM5NjM1OTI1Nw==&mid=2649226939&idx=1&sn=71a4843b476a30f80a695a7b86fc6f68&chksm=bef9238d898eaa9ba195ad07556d728288db1109f14dcd024c28b30862fe29f7ba0a5f31d000#rd
294,推动可再生能源 汤加首个大规模电池储能系统启用,10月25日，汤加首相胡阿卡瓦梅利库（Huákavameiliku）和来自亚洲开发银行（ADB）等的嘉宾共同出席汤加首个大规模电池储能系统（BESS）揭幕式。这两个电池储能系统是位于两个不同地点的汤加可再生能源项目（TREP）的成果。汤加Matangi新闻网报道，第一个系统用于电网稳定，位于Popua电站，第二个系统用于负载转移，位于Tofoa的Matatoa地区NEMO新运营设施后面。整个揭幕活动强调的一个一致主题是，在新冠肺炎疫情期间，所有相关利益攸关方必须坚持不懈地开展合作，规划、融资和实施这一关键的技术组成部分，实现汤加在2025年底前实现可再生能源发电量70%的国家自主贡献目标。该项目总投资1670万美元，由亚洲开发银行、绿色气候基金会和澳大利亚政府共同资助，由汤加电力有限公司在汤加政府的协助下实施。该项目的承包商是Akuo。（萨琳编译）,379,旅游,汤加  澳大利亚,汤加 系统 再生 能源 电池 ,亚洲开发银行 绿色气候基金会 澳大利亚政府 汤加电力有限公司 Akuo,2022.10.30,379,http://mp.weixin.qq.com/s?__biz=MjM5NjM1OTI1Nw==&mid=2649226868&idx=1&sn=8165481ed712a7476ccdbd254359af7a&chksm=bef92342898eaa54fa1e39c416d76b24d0ebf6aaf0162ecd137223a07e86f875e88e7da17d61#rd
295,“携手美化城市” 瓦努阿图维拉港探讨改善城市计划,瓦努阿图维拉港市议会（PVCC）近日举行了一系列会议，以探讨改善城市服务的计划。瓦努阿图《瓦国日报》报道，根据重建瓦努阿图的国家主题，维拉港市议会开始计划清理和改造城市，并在11月1日至3日期间，与维拉港旅游部门、商业界和社区合作，组织维拉港的一次大型清理和美化活动。这对于准备迎接前往维拉港的新游客的瓦努阿图具有重要意义。这也是在亚洲开发银行（ADB）和内务部门最近促成的一次研讨会之后进行的，目的是使议会成员了解相关立法，指导他们今后4年工作的政策、细则和合作计划。当时的代理市长雷根瓦努（Jenny Regenvanu），在一次会议上强调，这是对市议员、商界和维拉港市民的一个警钟，携起手来清洁城市。她强调，每个人都有责任清理和美化城市，以便所有人都能享受它。“毕竟，这是我们的家，一个干净的环境能给我们带来幸福和健康的生活。”据悉，1992年维拉港市议会第5号附例（房舍清洁）规定，“在市政府边界内，任何房屋的所有人或使用人都有义务将其房屋维护到令市议会满意的标准。”雷根瓦努也呼吁所有业主、商业房屋和社区确保他们的财产和建筑干净清洁、墙面被重新粉刷和清洁过。（萨琳编译）,490,旅游,瓦努阿图 ,城市 瓦努阿图 维拉港 议会 计划 ,亚洲开发银行（ADB）,2022.10.30,380,http://mp.weixin.qq.com/s?__biz=MjM5NjM1OTI1Nw==&mid=2649226868&idx=2&sn=ffffe00b9f73daccda4fb3fa22fc0820&chksm=bef92342898eaa543b7946dbc11761b8bfb28983756db8b9a68593b3b2342a6958974bf446c3#rd
299,港口安全不过关？瓦国海事专员：这本章程需要学习,瓦努阿图海事安全局（VMSA）专员办公室近日在准备迎接下个月的游轮入港时，希望瓦努阿图的主要邮轮码头进行重大整改，基于《国际船舶和港口设施保全章程》（ISPS）审计和美国海岸警卫队（USCG）提供的评估的不足之处予以纠正，以符合ISPS规则要求。瓦努阿图《瓦国日报》10月29日报道，《国际船舶和港口设施保全章程》是一套全面的措施，旨在加强国际船舶和港口的安全，为外国船舶提供服务。由于瓦努阿图是国际海事组织（IMO）的成员国和缔约国，因此必须遵守该公约和相关文书的全部规定。这意味着瓦努阿图国际停靠港内的所有设施都应遵守国际服务供应商守则和国家法律。瓦努阿图海事专员纳普提（Less Napuati）证实，由于管理局的松懈和不作为，确保这些设施符合规定仍然是一项挑战。瓦努阿图预计游轮将于11月9日开始在国内水域试航，海事专员呼吁港口和海港部认真听取有关纠正维拉港邮轮码头和卢甘维尔港问题的指示，并与VMSA在这些问题上密切合作。纳普提认为，瓦努阿图政府应该认真对待这些问题，并确保这些问题得到妥善解决。（周晓编译）,459,旅游,瓦努阿图 美国 ,瓦努阿图 国际 港口 海事 船舶 ,国际海事组织（IMO） 美国海岸警卫队（USCG） 国际船舶和港口设施保全章程（ISPS）,2022.10.27,385,http://mp.weixin.qq.com/s?__biz=MjM5NjM1OTI1Nw==&mid=2649226868&idx=7&sn=e5dd8c53b8476142eac3fa93ce1c1228&chksm=bef92342898eaa54e91c26e25fbb1a8426c122343a9520127585cc3cc727af99c7d8d0887a8e#rd
312,去趟美国花了两百多万？所总理秘书：这笔钱花得值,所罗门群岛政府近日坚持认为，总理代表团出席最近在纽约举行的联合国大会所产生的250万所罗门群岛元（约合30.65万美元）的账单是值得的。太平洋岛屿新闻协会网20日援引所罗门群岛《所罗门星报》报道，总理秘书罗杰斯（Jimmy Rodgers）在有关总理代表团成员住宿费用的进一步细节作出了这一表态。他在19日的新闻发布会上对当地媒体表示，“从政府的角度来看，这次访问是值得的，因为我们把所有议程都提到了全球层面。”他说：“就个人关系和与美国和澳大利亚的协调而言，这是第一次。总理已经会见了美国总统和澳大利亚总理，同时还有一些人际关系是我们需要跟进的，因此这（笔花销）是值得的。”美国外交事务常任秘书贝克（Collin Beck）也表示:“与此次访问的收益相比，此行的费用并不多。”他解释说：“有一些政府首脑必须参加的强制性活动。其中之一是太平洋岛国论坛（Pacific Islands Forums）会议。第二是美拉尼西亚先锋集团（Melanesia Spearhead Group）会议。在全球层面，联合国大会是世界领导人每年聚集的地方，总理也经常出席。”此外，他表示，在最近的联合国大会上，有190多个国家参加，他们建立了合作，寻求和平，并讨论了在全球问题上的相互理解。（周晓编译）,542,旅游,所罗门群岛 美国 澳大利亚 太平洋岛国 美拉尼西亚 ,总理 美国 所罗门 群岛 政府 ,联合国大会 太平洋岛国论坛 美拉尼西亚先锋集团,2022.10.23,403,http://mp.weixin.qq.com/s?__biz=MjM5NjM1OTI1Nw==&mid=2649226767&idx=1&sn=c29d7c20218b0678447ba1755a40847e&chksm=bef92339898eaa2f566104f3bdc1f6981d819e294a70fa612c27d1e357209c0c16400cac80a6#rd
319,打造全球游客的梦想之地 瓦国首场徒步探险活动来啦！,瓦努阿图旅游局（VTO）与旅游部（DoT）、旅游、贸易、商业和尼-瓦努阿图商务部（MTTCNB）近日开展合作，特别是在位于奥巴岛（Ambae Island）北部的安班加村（Ambanga Village）社区，宣布启动有史以来第一次2022年大马纳罗（Grand Manaro）徒步旅行。瓦努阿图《瓦国日报》22日报道，共有20多名参与者和十几名官员前往隆阿纳（Longana），启动开始并参与了为期两天的马纳罗火山徒步旅行活动。MTTCNB代理部长布莱（James Blue）宣布启动这次徒步旅行，他表示:“这是安班加村的一个历史里程碑。从21世纪初到今天，我们一直在讨论这个项目，今天我们终于迎来了大家期待已久的时刻。大马纳罗徒步旅行将成为一项年度活动。”旅游部代理主任塔里（Geraldine Tari）说:“像大马纳罗徒步旅行这样的冒险和体育活动是政府关注到我们偏远社区的一个好机会，为我们带来发展，并重新点燃（本地民众）对好客、友好和本地招待的热情，这已经渗透在瓦努阿图的文化中。随着边境关闭，我国的旅游市场正在迅速建立自己的兴趣和需求，比如这次旅行，很快就会成为许多人的梦想清单。”根据VTO的说法，这项活动能给奥巴岛人民带来巨大的长期利益，随着2022年首场活动的举办，将提高2023年该活动的国际知名度和（参与这项活动的游客）需求。瓦努阿图拥有火山、海岸线、丛林、瀑布、洞穴、潜水点、风俗和传统以及丰富的有机食品，与附近的探险旅游目的地相比具有天然的比较优势，是太平洋地区领先的探险旅游目的地。（周晓编译）,661,旅游,瓦努阿图 奥巴岛 尼-瓦努阿图,活动 徒步 旅行 瓦努阿图 旅游 ,瓦努阿图旅游局（VTO） 旅游部（DoT） 旅游 贸易 商业和尼-瓦努阿图商务部（MTTCNB） 联合国 亚太计划,2022.10.22,410,http://mp.weixin.qq.com/s?__biz=MjM5NjM1OTI1Nw==&mid=2649226767&idx=8&sn=07f876dff1b9127b11064d7f346fdefb&chksm=bef92339898eaa2ff01292ff68a1a18510c6ba66cde4bdae076eba706cb95d6629cb57dc6c37#rd
320,【快讯】2022年10月27日斐济无新增新冠确诊病例,今日共12名患者康复，自2020年3月19日确诊首个病例以来，斐济现有活跃病例64个，共记录了68264个病例，其中66323人康复，878人死亡。2021年4月出现的新一波疫情产生病例达到68194。死亡病例中，876人死于今年4月开始的第二波疫情。公众可登录http://bit.ly/3vE2ZBb查看确诊病例详细位置和热力图。卫生部还开通了疫苗接种热力图网站，公众可以登陆http://bit.ly/3h2JfCZ了解实时、详细的疫苗接种情况。截至2022年10月26日，斐济共有95.4%的成人（59.0万人）完全接种了疫苗，104.1%（原文数据）的成人（64.4万人）完成了第一针疫苗的接种。15至17岁的儿童共有32483名完全接种了疫苗，39061名完成了第一针疫苗的接种。12至14岁的儿童共有17143名完全接种了疫苗,370,旅游,Not mentioned,病例 疫苗 接种 确诊 共有 ,,2022.10.20,411,http://mp.weixin.qq.com/s?__biz=MjM5NjM1OTI1Nw==&mid=2649226766&idx=1&sn=de9cd0ffa1048c662bdb1bbdbbe62d9c&chksm=bef92338898eaa2e16446b9fea92a578e3acdec9477034155a3a8e96ca125116af2d2465a461#rd
321,中国警务合作小组与所罗门群岛警察参观“双赢”公司,所罗门群岛皇家警察部队（RSIPF）高级官员近日在中国警务顾问组（CPLT）的陪同下，访问了位于瓜达尔卡纳尔岛（Guadalcanal）中部图拉拉纳村（Turarana villiage）的双赢矿业公司（Win Win mining company）。美国Newswires网17日援引所罗门群岛政府官网报道，此次参观是RSIPF参与社区活动的一部分，是犯罪预防战略中所规定的。在实地考察期间，RSIPF的高级官员走访了矿区，并讨论了公司和当地环境的安全和安保问题。通过与公司高层的沟通后，RSIPF高级官员了解到，双赢矿业公司积极帮助当地居民，包括提供医疗援助、丧葬援助、道路建设、赞助教堂、资助学校用品，公司还计划提供设备，为当地土地所有者建造砖厂作为长期业务。会上，双赢矿业公司老板石丹（Shi Dan，音译）对2020年RSIPF打击抢劫犯罪的支持表示高度赞扬，并且还派出了人员维护矿区的安全和治安。石丹说，有了良好的安全保障，一直到今年，公司已经向政府支付了500万所罗门群岛元的特许权使用费，并与当地的土地所有者分享了部分额外的费用。在CPLT组长张广保（Zhang Guangbao）的带领下，协调并促成了园区高级官员对双赢采矿公司的实地考察。张广保鼓励公司继续坚持“双赢”的原则，确保所罗门群岛政府、省政府、当地土地所有者、当地社区和公司都能从采矿项目中受益。（周晓编译）,594,旅游,中国 所罗门群岛 美国,公司 双赢 当地 所罗门 群岛 ,中国警务顾问组（CPLT）,2022.10.18,413,http://mp.weixin.qq.com/s?__biz=MjM5NjM1OTI1Nw==&mid=2649226723&idx=1&sn=66c14551834c43c5d102248829a588bf&chksm=bef920d5898ea9c3b18d74a9ec415434931e1697fde9efb38516fda734399f198addcab40ad6#rd
326,凭CI文件 瓦努阿图为旅客申请入境澳大利亚及法属领地,瓦努阿图移民服务机构（VIS）护照经理威利（Stephen Willie）近日证实，正在通过身份证件（CI）文件，为计划前往澳大利亚及太平洋地区法属领地的在瓦旅客进行安排。瓦努阿图《瓦国日报》10月15日报道，这一安排是为了那些希望获取前往澳洲旅行的新护照的客户、本地及已入籍公民而准备的。他们正面临着航班推迟的问题。威利说，他们已经在和澳大利亚官员协商，并得到了他们的批准，只是还需要最后的纸上签字（流程）。目前，没有护照的新季节性劳工只能凭CI前往新西兰，而不是澳大利亚。这也适用于本地和已入籍公民（特别是新生儿）。关于这个问题有很多担忧，一些入籍公民将他们的旅行日期推迟到今年年底，以等待新护照的发放。根据移民和护照服务部主任马克森（Jeffrey Markson）的说法，预计新的护照本将于今年年底发行。威利说：“自2009年以来，瓦努阿图一直在签发CI文件。在过去，CI文件只是一张纸，不过目前，护照办公室正在发放CI表格供旅行者填写。它有批准旅行者信息的额外功能。”目前，新西兰和其他太平洋国家已经允许入境旅客出示CI文件，除了澳大利亚和法属领土。威利表示，与法属领土的谈判是通过外交办公室进行的，现在正在等待他们的答复。“来自澳大利亚和法属领土的旅客可以持CI前往瓦努阿图，反之却不行。”威利还提到，和劳工处也有类似的安排，包括季节性工人前往澳大利亚的旅行安排。”（萨琳编译）,595,旅游,瓦努阿图 澳大利亚 新西兰 太平洋地区法属领地 澳洲,CI 澳大利亚 护照 文件 瓦努阿图 ,瓦努阿图移民服务机构（VIS）,2022.10.17,419,http://mp.weixin.qq.com/s?__biz=MjM5NjM1OTI1Nw==&mid=2649226696&idx=3&sn=2723aa36091b2fdb9056b75342c71b1f&chksm=bef920fe898ea9e87bda3af2d4265cf8e6a9702b47c6196a1077aae6bce60903555c3e53ad75#rd
327,所罗门政府：不会限制赴海外工作的劳工人数,所罗门群岛政府近日表示，不会限制那些希望通过季节性流动劳动力项目赴海外工作的本地劳工人数。所罗门群岛《所罗门星报》10月17日报道，在一场新闻发布会上，有记者提问，一些太平洋岛国正在计划限制赴海外工作的劳工人数，所罗门群岛外交外贸部（MFEAT）常任秘书长贝克（Collin Beck）阐明政府立场：“我们不会对此设限。（太平洋）地区的每个国家情况不一样。既然有机会，我们会继续抓住并利用好。我们一直确保那些求职者能够找到机会。所以，不会影响到这些。”贝克还表示，“我们也不会歧视任何申请者，也不会按照毕业生、行业、领域进行区分。只要雇主选中了他们，我们就会继续将他们派遣过去。”据了解，目前有近4000名所罗门本地人在海外工作，政府希望明年这一数字能够达到1万。（萨琳编译）,338,旅游,所罗门群岛 太平洋岛国,所罗门 政府 海外 工作 限制 ,所罗门群岛,2022.10.17,420,http://mp.weixin.qq.com/s?__biz=MjM5NjM1OTI1Nw==&mid=2649226696&idx=4&sn=6e032982850ea61dbcde1725d840914f&chksm=bef920fe898ea9e855fc3f2d62e7b5c1e0fe58506fe49d414436ee3666796e2a33b85a4f2cf4#rd
331,【快讯】2022年10月20日斐济新增3例新冠确诊病例,今日共4名患者康复，自2020年3月19日确诊首个病例以来，斐济现有活跃病例72个，共记录了68257个病例，其中66311人康复，878人死亡。2021年4月出现的新一波疫情产生病例达到68187。死亡病例中，876人死于今年4月开始的第二波疫情。公众可登录http://bit.ly/3vE2ZBb查看确诊病例详细位置和热力图。卫生部还开通了疫苗接种热力图网站，公众可以登陆http://bit.ly/3h2JfCZ了解实时、详细的疫苗接种情况。截至2022年10月20日，斐济共有95.4%的成人（59.0万人）完全接种了疫苗，104.1%（原文数据）的成人（64.4万人）完成了第一针疫苗的接种。15至17岁的儿童共有32473名完全接种了疫苗，39053名完成了第一针疫苗的接种。12至14岁的儿童共有17084名完全接种了疫苗,369,旅游,Not mentioned,病例 疫苗 接种 确诊 共有 ,WHO（世界卫生组织）,2022.10.16,425,http://mp.weixin.qq.com/s?__biz=MjM5NjM1OTI1Nw==&mid=2649226695&idx=1&sn=33fe0bede9c93ca625e0321d1ca54f13&chksm=bef920f1898ea9e7c2ce1468179d8599374d642cce0c55e1cf5febad36a60e7c04c7876f9cb9#rd
332,镜头里的真实斐济什么样？看看华人Vlogger记录的斐济之旅,知名澳洲华人航空视频博主崔佳星（Sam Chui）近日在视频平台YouTube上发布了自己的最新视频日志，记录了他在斐济旅行的大部分经历。目前这条旅游视频已经获得超14万点击量，不少观众留言：“感谢Sam让我看到了一个精彩绝伦的真实斐济。”知名视频博主点赞斐济航空：“商务舱很棒，还有氛围灯和音乐”《斐济时报》19日报道，航空和旅游视频博主崔佳星曾编写过4本关于航空旅行的书，他在Vlog中点评了斐济航空公司的空客A350-900。尽管对飞机上提供的餐食持有一些保留意见，但崔佳星对这次旅行的总体评价是积极的。“商务舱非常棒，每个座位都有独立的双层座椅，每个座位旁都有过道。我认为斐济航空公司的商务舱座位可能比我这次在南太平洋乘坐过的其他航空公司更好。”他继续总结说:“根据我的经验，斐济航空公司在新品牌（推广）方面做得很好，采用新A350飞机将自己定位为高级度假航空公司。机组人员在提供服务时的冷静和友好给我留下了深刻的印象。我在斐济航空公司度过了一次非常放松的飞行。与此同时，机上的灯光和海岛音乐也让我感到非常放松，令完美的假期有了一个好的开始。”图为崔佳星体验斐济航空。（图/Youtube视频截图）据了解，在2015年太平洋航空更名为斐济航空前，崔佳星曾乘坐过一次悉尼至楠迪的相同航线。那一次在2010年对B747-400的评价也基本上是积极的，表明（该航空公司）的质量保持一贯稳定。而A350是斐济航空在新冠肺炎疫情暴发前不久购买的，直到近日边境重新开放，才开始执飞国际航线。镜头记录真实斐济：“真正想让我留在这里的是斐济人”FBC网报道，崔佳星还去到了萨武萨武（Savusavu），并在楠迪的国内出发大厅与前总统孔罗特少将（Jioji Konrote）合影。图为崔佳星（右）与前总统孔罗特少将（左）合影。（图/Youtube视频截图）? ? ? ?期间，他还参加了一次河流探险之旅，并和其他游客一起参观了西加托卡河（Sigatoka River）沿岸的一些村庄。位于楠迪的斐济航空航天学院（Fiji Airways Aviation Academy）也是他的旅行目的地。崔佳星说尽管此次旅行十分短暂，但非常甜蜜。虽然是飞机把他带到了斐济，但真正让他想要回来待更久的是这里的人。网民留言：“斐济太神奇了，看过视频后想马上就去”自当日崔佳星分享的斐济之行视频上线以来，已经有超过14万的点击量，但热度仍然不减。他本人在YouTube上有313万订阅者。而这条视频更是让他的粉丝惊呼：“原来斐济这么美”“斐济人民也太热情，太友好了吧！”图为视频下方的网民留言。（图/Youtube截图）编辑：周晓,1101,旅游,澳大利亚  南太平洋 悉尼 楠迪 萨武萨武,航空 视频 佳星 公司 旅行 ,斐济航空 斐济航空航天学院 太平洋航空 空客A350-900 联合国 亚太计划,2022.10.15,426,http://mp.weixin.qq.com/s?__biz=MjM5NjM1OTI1Nw==&mid=2649226690&idx=1&sn=79de08ac807b08940b103272730aabfc&chksm=bef920f4898ea9e2eb724c3b6a8989d51ccc9964e4e1eea733f53c38951d51945adc3af65f74#rd
341,首次到瓦努阿图个人演出的澳大利亚原住民艺术家：和岛国有渊源,瓦努阿图《瓦国日报》10月7日刊登文章，介绍了首次以个人身份到瓦努阿图参加2022 Fest’Napuan节表演的澳大利亚原住民艺术家利昂（Fred Leone）。全文摘编如下：利昂是澳大利亚一位受人尊敬的社区领袖。他和家人来自Garawa和Butchulla部落（分别在北领地和昆士兰K’gari岛)。通过他的南海岛民血统，利昂与瓦努阿图的Tannese社区有联系。利昂的曾祖父来自塔纳岛（Tanna），因此Tanna成为了他家族的姓氏。他的曾曾祖父来自所罗门群岛吉拉岛（Gela）。利昂是语言保管组织Butchulla Songmen成员之一，也是一位开创性的获奖艺术家，他跨越流派和媒介，为他的表演和录音带来独特的原创声音。他也是昆士兰第一家由澳大利亚原住民拥有并运营的唱片公司Impossible Odds Records的创始人。2013年，利昂曾作为Singaot Musik Kamp的一员在Fest’napuan演出，2022年，他将以个人艺术家的身份登上舞台。利昂说:“能够在Fest’napuan表演对我来说意义重大，因为我和Tanna的家族关系。我迫不及待地想和维拉港（Port Vila）以及来自整个瓦努阿图和太平洋各地的观众分享我的故事和音乐。”他曾作为特色艺术家与国际知名的Black Arm乐队在加拿大、中国、马来西亚、巴西、英国和澳大利亚巡回演出，并在英国展出个人作品。瓦努阿图维拉港的萨拉拉纳公园（Saralana Park）将是利昂在太平洋（岛国）的首次演出地点。除了他的艺术产出和身为Butchulla Songman的责任，利昂是澳大利亚主要的艺术工作者和原住民权利的不懈倡导者之一。他是澳大利亚现场音乐商业委员会的董事会成员，也是国家原住民音乐奖原住民咨询小组的现任成员。利昂已于10月6日抵达瓦努阿图，同行的还有他的经纪人维扎（Jordan Verzar）。澳大利亚驻瓦努阿图高级专员公署正在支持利昂参加2022Fest’Napuan节。（萨琳编译）,847,旅游,澳大利亚 北领地 昆士兰 塔纳岛 所罗门群岛 吉拉岛 加拿大 中国 马来西亚 巴西 英国 瓦努阿图,利昂 瓦努阿图 澳大利亚 原住民 艺术家 ,联合国 亚太计划 澳大利亚现场音乐商业委员会 国家原住民音乐奖原住民咨询小组,2022.10.12,438,http://mp.weixin.qq.com/s?__biz=MjM5NjM1OTI1Nw==&mid=2649226614&idx=5&sn=9b6576ccc2e03834b0b22fc89ad5febb&chksm=bef92040898ea95668dfed821e0aa2d673f81870e2fecae705eaf386bebc9e9c866437a32587#rd
342,保护环境可持续发展 瓦努阿图Emua社区推出气候适应项目,位于瓦努阿图埃法特岛（Efate）北部的Emua社区近日推出了气候适应项目。瓦努阿图《瓦国日报》10月8日报道，该地区有一处前滩，附近的珊瑚礁在退潮时会暴露出来，并在很大程度上受到重大天气事件、气候变化和人类的影响。然而，为了可持续的环境、当地生态经济和不断增加的鱼类资源，仍有许多地方需要保护和种植自然资源。社区计划在瓦努阿图渔业、旅游、环境及前滩发展部的支持下，兴建一条潜水通道，结合珊瑚礁修复、海草种植、巨蚌苗圃及水下雕饰。此外，还将修建一条通往瞭望台的通道，清除入侵物种并种植本地植物。此外，Emua社区环境代表肯尼斯（Kenneth）还邀请INLOC国际组织就如何解决这些问题去熟悉社区，并进行磋商。该组织免费为社区提供了一些铲除棘冠海星的技术方面的基本培训。该社区目前正在寻求启动该项目的资金。（萨琳编译）,359,旅游,瓦努阿图,社区 环境 气候 项目 瓦努阿图 ,瓦努阿图渔业 旅游 环境及前滩发展部INLOC国际组织,2022.10.12,439,http://mp.weixin.qq.com/s?__biz=MjM5NjM1OTI1Nw==&mid=2649226614&idx=6&sn=8539dc61bd22aa5fa8f7b9b6da51300b&chksm=bef92040898ea95637f6c3e8408c4076ee2c9a2cdd6f5cbc0187c67b5c121a41ea656c3be430#rd
347,欢迎旅客 瓦努阿图Manaro将被打造成徒步圣地,位于瓦努阿图Ambae岛上的Manaro火山原本是岛上民众的圣地，于10月迎来了第一批游客，将成为主要的旅游景点。瓦努阿图《瓦国日报》1日报道，在传统信仰中，Manaro火山和它的湖是人们死后灵魂居住的地方。它被认为是Ambae民众的“天堂”。North Ambae最高长官、前教育部长塞塞（Jacques Sese）说，正在准备把神圣的Manaro岛打造成Manaro徒步地，成为一个旅游目的地。塞塞表示，从Lombaha到Longana地区的80多人在Abanga地区参加了包括烹饪和待客在内的培训。一群人甚至去了火山口实地考察作为他们培训的一部分。上次火山喷发后，酋长们对人们前往火山口进行了限制，但现在他们给予了祝福，并欢迎将Manaro徒步地推广为旅游目的地。与此同时，Manaro徒步地旅行的组织者在过去的几个月里一直非常努力地工作，以吸引10月13日至17日到来的游客。对于幸运的游客来说，旅程将从Tahimamavi温泉的传统按摩、Lovonda Noibari民俗村、Charles Godden慢食手工艺节开始。,466,旅游,瓦努阿图,火山 游客 旅游 Manaro徒步 欢迎 ,答无,2022.10.8,448,http://mp.weixin.qq.com/s?__biz=MjM5NjM1OTI1Nw==&mid=2649226539&idx=3&sn=e4e713782b85b982eb24ba426b698a8a&chksm=bef9201d898ea90baef3eda137cf3bccbfdbe4cb92afdedb981b9ae70f59437db46477628bce#rd
354,邀请国际艺术家参与 萨摩亚将举办艾伦阿洛艺术节,萨摩亚表演艺术和创意卓越机构（S.P.A.C.E）将于今年11月2日至5日举办艾伦阿洛艺术节（Allan Alo Arts Festival），届时将有国际舞蹈团体和艺术家参加。萨摩亚观察者网站4日报道，艾伦阿洛艺术节是为了纪念已故艺术家、S.P.A.C.E创建者艾伦·阿洛的遗产并纪念其作为表演艺术先驱者不仅在萨摩亚，而且在整个地区和世界都产生了影响。去年，S.P.A.C.E成功举办了艾伦阿洛艺术节，但今年，他们扩大了演出范围，邀请了国际艺术家，与当地艺术家一起表演，庆祝萨摩亚的表演艺术。S.P.A.C.E联席总监洛德（Glenville Christopher Lord）表示，他们对今年的艺术节感到兴奋，因为它承诺将办得“更大、更好”。“我们很高兴地宣布，我们将拥有两家国际舞蹈公司，它们是夏威夷Samadhi和斐济MATA舞蹈公司。我们还很幸运地邀请到了参加今年音乐节的瓦亚拉（Vaiala）青年合唱团，他们将在演出期间表演。”但据洛德说，这还不是全部，今年的音乐节还将展示一些知名萨摩亚音乐大师艾泰（Tuilagi Dr.Igelese Ete）的曲目和音乐。他还透露，他们正在与萨摩亚旅游局合作，使今年的艺术节取得成功。活动具体安排如下：11月2日：新闻发布会之夜（主要面向赞助商和政府官员）11月3日：开幕之夜暨Bollywood之夜11月4日：Polywood之夜11月5日：闭幕之夜暨Hollywood之夜（萨琳编译）,620,旅游,萨摩亚 夏威夷 ,萨摩亚 艺术节 今年 艺术家 表演 ,S.P.A.C.E 联合国 亚太计划,2022.10.6,455,http://mp.weixin.qq.com/s?__biz=MjM5NjM1OTI1Nw==&mid=2649226538&idx=7&sn=e0512d493cd588c820176a6cc21cc19f&chksm=bef9201c898ea90a0dc34ef29ddf4a3d42aaf004466041cf5b2e3f468d7ca8e24622e832a0aa#rd
366,萨摩亚全面开放边境 取消入境检测等防疫限制,【南太之声编译报道】据官方消息，对旅客的所有健康限制，包括强制性的新冠病毒检测已经取消，任何人都可以自由进入萨摩亚，从9月22日起生效。太平洋岛屿新闻协会网援引萨摩亚观察者网报道，代总理彭尼法西奥（Tuala Iosefo Ponifasio）在内阁每周会议审议和批准后宣布了这一消息。彭尼法西奥表示，21日的内阁会议决定取消萨摩亚政府当前旅行建议中的所有限制和相关条件，以允许全面开放边境。这包括取消进入萨摩亚时必须进行的PCR检测或快速抗原检测（RAT）。前往萨摩亚的旅客不再需要出示任何疫苗接种证明，到达法莱奥洛国际机场（Faleolo International Airport）或任何入境口岸时也不再需要进行任何检测。然而，彭尼法西奥建议，旅客仍然需要填写健康抵达卡，任何虚假申报行为将受到惩罚。他说：“我们仍鼓励市民遵守卫生守则，如佩戴口罩。”彭尼法西奥指出，在庆祝萨摩亚独立后，尽管前往萨摩亚的游客激增，但该国仍然安全，这都归因于高（疫苗）接种率。”他透露，在18岁及以上符合（接种）条件的人群中，有94%已经完全接种。12岁至17岁间的接种率达到93%，5岁至11岁达到92%。（周晓编译）,503,旅游,萨摩亚,萨摩亚 检测 任何 取消 彭尼法 ,联合国 亚太计划,2022.9.30,470,http://mp.weixin.qq.com/s?__biz=MjM5NjM1OTI1Nw==&mid=2649226439&idx=5&sn=1055b631e990debe83fdbd77eb29315b&chksm=bef921f1898ea8e7f585456f3224367fef2e0798b1e3a774917558258414be986b05a5b8d03a#rd
370,【快讯】2022年9月29日斐济无新增新冠确诊病例,今日共12名患者康复，自2020年3月19日确诊首个病例以来，斐济现有活跃病例78个，共记录了68242个病例，其中66302人康复，878人死亡。2021年4月出现的新一波疫情产生病例达到68172。死亡病例中，876人死于今年4月开始的第二波疫情。公众可登录http://bit.ly/3vE2ZBb查看确诊病例详细位置和热力图。卫生部还开通了疫苗接种热力图网站，公众可以登陆http://bit.ly/3h2JfCZ了解实时、详细的疫苗接种情况。截至2022年9月28日，斐济共有95.3%的成人（58.9万人）完全接种了疫苗，104.1%（原文数据）的成人（64.3万人）完成了第一针疫苗的接种。15至17岁的儿童共有32441名完全接种了疫苗，39035名完成了第一针疫苗的接种。12至14岁的儿童共有16916名完全接种了疫苗,369,旅游,Not mentioned,病例 疫苗 接种 确诊 共有 ,无,2022.9.28,474,http://mp.weixin.qq.com/s?__biz=MjM5NjM1OTI1Nw==&mid=2649226399&idx=1&sn=2faa5967e094623d5e84f8ca03acebc9&chksm=bef921a9898ea8bfd8ee516364cf8400f8a61603034a030ca5c40223b9ddc07ffd3612934a03#rd
378,新西兰重新开放太平洋劳工注册计划 未来两年内提供5900个名额,新西兰移民部长伍德（Michael Wood）近日宣布重新开放太平洋季节性雇主计划。新西兰RNZ网站报道，萨摩亚配额居民签证（Samoan quota）登记将于10月3日开始，太平洋准入类别签证（Pacific Access Category）登记将于10月5日开始。伍德表示，太平洋劳工注册计划将在未来两年为5900人提供成为新西兰居民的机会，有助于减少全球劳动力短缺的影响，并帮助增长经济。伍德称：“这是一个重要的里程碑，因为太平洋准入类别签证和萨摩亚配额居民签证是长期存在的签证类别，使我们的太平洋伙伴国家的民众能够成为新西兰居民。”他说:“它承认了新西兰和太平洋地区之间的历史关系，我们很高兴看到这些签证类别再次向我们的太平洋邻国开放。”目前，只开放一个月的申请登记现在已经主要转移到线上。伍德说:“我们也认识到在某些情况下转向网络会产生的影响，我们已经做了相关工作，以确保有可用的资源，以确保注册者能够轻松地得到在网上申请所需的所有信息。”“未来两年的5900个名额包括正在重新分发的2020/2021年未使用的名额。太平洋准入类别的未使用名额将在2022年和2023年重新分配，而萨摩亚配额居民签证的未使用名额将在2022年至2025年的4年时间内重新分配。我们期待着通过这些途径欢迎更多的来自太平洋邻国的民众。”据悉，萨摩亚配额居民签证的申请将开放到11月2日，太平洋准入类别签证的申请将开放到11月4日。,610,旅游,新西兰 萨摩亚 太平洋地区,太平洋 签证 新西兰 开放 居民 ,太平洋季节性雇主计划 萨摩亚配额居民签证 太平洋准入类别签证 太平洋劳工注册计划,2022.9.26,482,http://mp.weixin.qq.com/s?__biz=MjM5NjM1OTI1Nw==&mid=2649226345&idx=7&sn=11d742044a8157b1d2b3281dbdf4c361&chksm=bef9215f898ea849f53b30fc483ec0eddb90dba128fd914e9c59a122e999ba08ec356e188bf8#rd
384,马绍尔群岛宣布开放边境：是时候让生活恢复正常化了,【南太之声编译报道】马绍尔群岛9月15日结束了3年多来的健康灾难状态，并在该周内开放边境，允许正常旅行。太平洋岛屿新闻协会网援引马绍尔群岛日报网报道，马绍尔群岛政府的健康灾难状态在当地时间于15日到期，国家灾难委员会表示没有理由继续延长。为应对奥密克戎变种BA.5的传播，政府8月初制定了在公共场所佩戴口罩的规定，预计国家灾害委员会将在短期内取消这一规定。卫生部长尼丹瑟尔（Jack Niedenthal）说:“马绍尔群岛在经历了3年多的卫生紧急/灾难状态之后，感谢上帝，它终于结束了。我想对所有人说一声kommol tata（谢谢），感谢社区范围内的巨大努力，让我们渡过了难关。现在是时候继续前进，让我们的生活（恢复）正常了。”政府首席秘书卡布亚（Kino Kabua）证实，取消戴口罩的规定已列入国家灾害委员会的议程。她说:“目前的命令是基于最初的预测，即我们将经历两到三个月的疫情。但事实并非如此。”奥密克戎变种BA.5在马绍尔群岛经历过一段“起伏”。8月中旬预计（感染）总人口为4.2万人，而在第一批病例出现后的一个星期内，每天报告的感染人数超过1000例。到9月1日，马朱罗（Majuro）和埃贝耶（Ebeye）的病例数下降到每天不到10例，本周马朱罗和埃贝耶几乎没有报告新病例，只有两个外岛报告了少量新病例。自2020年年中以来，马绍尔群岛对入境采取有管理的防疫措施。近日该禁令被解除，成为两年半以来首次开放边境。（周晓编译）,619,旅游,马绍尔群岛,马绍尔 群岛 灾难 病例 开放 ,太平洋岛屿新闻协会网 国家灾害委员会 亚太计划,2022.9.24,488,http://mp.weixin.qq.com/s?__biz=MjM5NjM1OTI1Nw==&mid=2649226300&idx=6&sn=ef21a71a75afca773795e82160e80046&chksm=bef9210a898ea81cafd9bf41d109e8557916417508fb28c593650bb14a026985b1346e6bf62e#rd
385,萨摩亚旅游经营者吁游客给予更多理解和支持,【南太之声编译报道】萨摩亚旅游经营者近日谴责了一些外国游客不切实际的期望，以及一些当地人对旅游业疏于支持的行为，同时呼吁大家（对该行业给予）理解。萨摩亚观察者网9月19日报道，乌波卢岛（Upolu）南岸的一位只愿透露姓名为法拉尼（Falani）的海滩酒店经理指出，一些外国客人对萨摩亚的服务抱有很高的期望，却在暗中协商完后拿着退款离开。“我们虽然员工很少，但我们仍欢迎客人，”法拉尼说。“上月底，我们接待了一些很好的客人，他们对阳光、温暖的大海和食物及我们的服务都很赞赏。但有一个团体让我们做了很多工作，然后要求退款。后来我们发现，他们在撒谎，这样我们就可以把钱退给他们，因为我们有取消政策。我们决定不去管它了，但我敢肯定他们也会对萨瓦伊岛（Savai’i）的其他经营者们这么做。”最近，在一位萨瓦伊岛的经营者将焦点放在了不知感恩的客人身上后，托米西纳岛度假酒店（Taumeasina Island Resort）和萨摩亚旅游管理局董事会主席巴克纳尔（Tuiataga Nathan Bucknall）也在社交媒体上发表了看法。巴克纳尔说:“我真的很难过，因为我们刚刚开放了边境。有些人做得还好，有些人不行。但每个人都在尽最大努力达到所需的标准。令人难过的是，人们不是在帮助这个行业，而是试图把它搞垮，这是一个萨摩亚人把另一个萨摩亚人搞垮。”巴克纳尔呼吁大家对萨摩亚的旅游经营者表示赞赏和理解。他说，每个人都在尽最大努力重新振作起来。以下是萨瓦伊岛旅游运营者在社交平台“脸书”（Facebook）上发布的部分内容：“请为我们酒店的同事考虑一下吧。萨摩亚的所有旅游业务都遭受了新冠肺炎疫情长达3年的影响。当你以为安全的时候，第二波浪潮带来了大量的游客，但我们的行业仍然处于困境当中，没有足够的工人来满足需求。对于所有在旅游行业工作的人，自从边境开放以来，你们已经加班好几星期，只是用一片热忱服务他人，我们向你们致敬。正是因为你们的坚持不懈，我们的酒店业才会再次蓬勃发展，你们将继续秉持着对国家的热爱和为他人服务（的信念）继续做下去。”（周晓编译）,872,旅游,萨摩亚 乌波卢岛 萨瓦伊岛 托米西纳岛,萨摩亚 旅游 经营者 一些 行业 ,联合国 亚太计划,2022.9.24,489,http://mp.weixin.qq.com/s?__biz=MjM5NjM1OTI1Nw==&mid=2649226300&idx=7&sn=f5a8cab1b312e2ab4bb5108b2584c892&chksm=bef9210a898ea81cdda2060d29395771ef13253ffd00a0657d3ce0e784ed998a92ac25c26370#rd
390,共商蓝色发展 所罗门群岛驻华大使在厦门参访涉海机构,为扩大“蓝色朋友圈”，立足厦门，加强与所罗门群岛及其他太平洋岛国的海洋交流与合作，厦门市海洋发展局官员近日陪同所罗门群岛驻华大使约翰·傅桂（John Fugui）、太平洋岛国贸易与投资署贸易专员莫纳·马托（Mona Mato）等一行参访自然资源部第三海洋研究所，并就共同拓展海洋合作进行座谈交流。首先，大使一行调研了自然资源部第三海洋研究所海洋大气化学与全球变化重点实验室，详细了解该所在气候变化研究方面取得的丰硕成果。随后，厦门市海洋发展局领导主持召开座谈会，与会人员就共同推进蓝色发展工作进行交流。自然资源部第三海洋研究所主要领导、分管领导、有关专家及福建海洋研究所国际交流培训中心主任、联泰集团厦门市联成渔业有限公司董事分别介绍了各自与太平洋岛屿国家在气候变化、蓝色经济、人才培训等领域的工作基础和合作设想。厦门市海洋发展局表示，将积极发挥作为沟通桥梁作用，依托厦门国际海洋周、厦门市海洋国际合作中心、国际海鲜展等平台，推动更多科研机构跟与所罗门群岛等岛国的科研院校进行合作，鼓励更多涉海企业到岛国进行合作和投资，共同推动岛国双方丰富的渔业资源、旅游资源的可持续开发利用。所罗门群岛驻华大使约翰·傅桂（John Fugui）表示，通过参加往届的厦门国际海洋周活动，对厦门的海洋发展有了更加深入的了解和认识，愿意为厦门涉海企业到所罗门群岛投资搭建桥梁，期待和欢迎厦门远洋渔业企业到所罗门群岛开展渔业资源开发利用；同时，希望和更多的在厦涉海企业和科研院所开展合作，支持组织人员参与在厦科研单位承办的涉海培训班。,656,旅游,所罗门群岛 中国 太平洋岛国,海洋 所罗门 群岛 厦门 合作 ,联合国 亚太计划 厦门国际海洋周 厦门市海洋国际合作中心 国际海鲜展 自然资源部第三海洋研究所 福建海洋研究所国际交流培训中心 联泰集团厦门市联成渔业有限公司。,2022.9.23,494,http://mp.weixin.qq.com/s?__biz=MjM5NjM1OTI1Nw==&mid=2649226251&idx=3&sn=bc5a2f5e1229944494e724b4b93fc127&chksm=bef9213d898ea82b293974ee3798dfc70934aeff34b658fcf1f6a85706d72c6d1987c770ef11#rd
392,取消口罩令和入境前检疫 瓦努阿图变更国际旅行规定,【南太之声编译报道】从12日开始，入境瓦努阿图的游客在飞机和抵达机场时都不再被要求佩戴口罩。这是卫生部近日宣布的国际旅行要求变更之一。对此，瓦努阿图旅游办公室（VTO）表示，取消出发前检疫措施将极大地帮助旅游业复苏。瓦努阿图《瓦国日报》报道，卫生部也表示，虽然不再强制要求在航班上佩戴口罩，但还是建议有严重疾病风险的乘客佩戴。卫生部公布的第二项变动是取消出发前检疫要求。从12日开始，如果旅行者没有症状，在进入瓦努阿图之前不需要进行新冠病毒检测。而那些患有新冠肺炎或有其他症状的人被要求推迟前往瓦努阿图的旅行。对此，旅游办公室表示，“‘胜利者’现在可以毫不费力地前往瓦努阿图。”办公室首席执行官阿鲁（Adela Issachar Aru）说：“瓦努阿图走过了漫长的道路。在今年7月重新开放边境之前的几个月里，取消所有入境前检测一直是一个有争议的问题，现在边境开放后，我们欢迎卫生部的修订改变。”如果游客想了解相关规定的更多信息，可以访问瓦努阿图卫生部官网查阅。（萨琳编译）,436,旅游,瓦努阿图,瓦努阿图 要求 卫生部 取消 入境 ,瓦努阿图旅游办公室（VTO）,2022.9.22,499,http://mp.weixin.qq.com/s?__biz=MjM5NjM1OTI1Nw==&mid=2649226235&idx=3&sn=6883514c6e0df1390f3d1685b7c64100&chksm=bef926cd898eafdb13ccb73f02385fbd01937add1c76d579e216ce1db51b6014337f0a0a1795#rd
396,所罗门群岛与欧盟将签署数百万美元援助项目,【南太之声编译报道】长期以来，欧盟一直是所罗门群岛发展的主要伙伴。欧盟近日将宣布一个价值数百万美元的项目，旨在改善服务交付（质量），加强政府能力，以支持以人为本的发展能力。所罗门群岛《所罗门星报》9月14日报道，欧盟驻所罗门群岛和太平洋地区大使希亚姆（Sujiro Seam）将于本周晚些时候在霍尼亚拉启动该项目时宣布新的资金安排。这笔资金将覆盖2022-2025财年，并将通过省级治理和服务交付项目来提供。一份来自斐济的新闻发布会前公告称，欧盟、联合国开发计划署和联合国儿童基金会将与所罗门群岛政府在国家和地方层面保持密切合作，通过提供技术和咨询援助，升级政策和法律框架，以推进以人为本、负责任和有效的服务交付权力下放。该项目价值800万美元或6550万所罗门群岛元。希亚姆大使本周的访问是他对所罗门群岛的第二次访问。他上一次访问是在4年前。据悉，希亚姆将在正式宣布仪式后在霍尼亚拉举行的45分钟新闻发布会上向媒体发表讲话。（周晓编译）,419,旅游,欧盟  所罗门群岛,所罗门 群岛 欧盟 项目 美元 ,欧盟 联合国开发计划署 联合国儿童基金会,2022.9.21,503,http://mp.weixin.qq.com/s?__biz=MjM5NjM1OTI1Nw==&mid=2649226177&idx=2&sn=72bd443f265bfbd6f0836e5d97f3e320&chksm=bef926f7898eafe1df7492d50cc100f27eab841eea472ac0d88b2d5de6cd218932b869086bbc#rd
403,瓦努阿图移民局长：正全力升级护照打印系统，处理积压申请,【南太之声编译报道】在局长马克森（Jeffrey Markson）的领导下，瓦努阿图移民和护照事务部近日正计划全新升级一款新的护照打印软件，预计将在未来6个月内投入使用。瓦努阿图《瓦国日报》9月3日报道，这是该部门为解决目前护照发放延迟问题所做出的部分努力。马克森说:“目前拖慢整个过程的问题是我们用于打印（护照）手册的软件。”该软件于2009年开始运作，根据该部门收集到的信息，软件系统目前无法升级。除了事务部为解决这一问题所做的工作外，一名高级官员威利（Stephen Willie）最近被任命为代理护照事务经理，专门负责和监督护照事宜。最近在斐济举行的太平洋移民局局长会议上，移民局局长确认已经向其他太平洋国家的同事提出了这个问题，并进一步寻求他们的许可，允许旅行者持身份证明（CI）通过边境。该证明是一种授权的旅行证件，允许个人通过与会（太平洋）国家边境。马克森重申，印刷机器工作正常，护照手册也有库存。他感谢政府资讯科技总监办公室（Office of the Government Chief Information Officer）的工作人员和信息技术官员协助该部门建立了一个临时系统，至少可以改善目前的状况。自今年7月以来，约积压了900本护照手册。马克森证实，这个问题极大地影响了护照申请的收入。该部门正尽力确保这项服务得以维持，市民须有耐心。他进一步呼吁民众，尤其是在社交媒体上，尊重护照办公室的工作人员，因为他们下班后通常不会花时间陪孩子，而是加班加点印制护照。（周晓编译）,647,旅游,瓦努阿图  太平洋国家,护照 问题 局长 马克森 软件 ,太平洋移民局局长会议,2022.9.18,514,http://mp.weixin.qq.com/s?__biz=MjM5NjM1OTI1Nw==&mid=2649226140&idx=3&sn=2484f9c89a87d36f302733fbb21bc1bd&chksm=bef926aa898eafbcc19b69efad7dca3b1c0cb54a9a6283ee03fa892d0ebb221b885b49ffc734#rd
405,世界50佳岛屿名单出炉：太平洋地区岛屿都有哪些上榜？,【南太之声编译报道】国际旅游网站Big7travel近日列出了世界50佳岛屿，瓦努阿图圣埃斯皮里图岛（Espiritu Santo），又称桑托岛（Santo）排在第18位，该岛的蓝色海水和闪亮的沙滩照片非常漂亮。瓦努阿图《瓦国日报》2日报道，在今年的榜单中，桑托岛与新西兰的怀赫科岛（Waiheke Island）、马尔代夫、印度尼西亚的巴厘岛、澳大利亚的摩尔顿岛（Moreton Island）等地区一起跻身前20名。第一名是毛里求斯，第二名是牙买加，第三名是泰国的麦岛（Koh Mak），第四名是安圭拉（Anguilla），第五名是隶属于葡萄牙的马德拉群岛（Madeira）。Big Travel7介绍说，“桑托岛是瓦努阿图83个岛屿中最大的一个。它在很大程度上仍然保持着未受破坏的状态，有粉状的白沙和淡水蓝洞，周围是天然雨林。当你在飞机上看到这个地方的那一刻，你就会爱上它。”“作为世界上风景最优美的岛屿之一，这里有清澈的蓝色海水和闪闪发光的沙子。在香槟海滩，你还可以找到新鲜的水果摊、新鲜烹制的螃蟹和龙虾，以及可爱的海滨小屋。”桑托岛的香槟海滩经常被评为南太平洋和全球最好的海滩之一。2017年，它还曾被加拿大最大的在线旅游网站评为世界最佳海滩之一。Big Travel7网站表示，这份榜单是多样化的，名单中带有从热带沙洲到北欧海湾的各种特色，都是基于之前的社交媒体结果的综合评分，以及Big Travel7旅游编辑团队的贡献。该名单被认定为是一本度假指南。（周晓编译）,639,旅游,瓦努阿图 新西兰 马尔代夫 印度尼西亚 澳大利亚 毛里求斯 牙买加 泰国 安圭拉 葡萄牙 加拿大,岛屿 世界 桑托岛 海滩 名单 ,BigTravel7,2022.9.18,516,http://mp.weixin.qq.com/s?__biz=MjM5NjM1OTI1Nw==&mid=2649226140&idx=5&sn=86f4b88fd849a15f8ff027f7c9fcf405&chksm=bef926aa898eafbcb7d9a8eea089fe5e818ecfce1da5e9fc887e6a87c6c9e8bc32938ac476ce#rd
406,中瓦渔业公司总经理：瓦努阿图应增加渔船数量，以促进渔业营收,【南太之声编译报道】中瓦渔业有限公司（Sino-Van Fisheries Limited）总经理李先生（Jack Li）近日表示，如果瓦努阿图配备有必要的船舶维修基础设施，该国渔业将创造更大的利益价值。瓦努阿图《瓦国日报》9月2日报道，李先生说，由于缺乏包括滑道在内的基础设施，瓦努阿图不能接待大型船只。他说：“现在瓦努阿图只有6艘外国渔船在工作，还需要更多的船只。”他强调，如果有更多船只抵达瓦努阿图卸货，这个国家的渔业可能会产生更大的经济回报，这将为居民带来更多的就业机会，并为本地企业和市场供应商带来更多收入。但现在的问题是瓦努阿图没有造船厂或滑道。李说：“瓦努阿图目前没有滑道或船舶维修设施。因此，如果其他船只到达这里并需要维修，这将是一个大问题。”李继续指出，“渔船抵达卸货时通常需要维护和维修备件。但这个时候，这里的船没有任何替换部件。不同的国家为不同的船只制造不同的发动机，零件也是如此。因此，我们必须从各地进口零件。因此，如果此时有更多的渔船抵达，他们要维修船只将是极其困难的。”李指出，斐济目前有200多艘渔船，而瓦努阿图只有6艘渔船。而斐济从渔业业务中获益良多，瓦努阿图也应该效仿。据了解，与中瓦渔业有限公司合作的中国水产总公司（China National Fisheries Corporation）是瓦努阿图6艘渔船的所有者。（周晓编译）,583,旅游,瓦努阿图 中国 ,瓦努阿图 渔业 渔船 船只 维修 ,中国水产总公司,2022.9.18,517,http://mp.weixin.qq.com/s?__biz=MjM5NjM1OTI1Nw==&mid=2649226140&idx=6&sn=bb17547da2e1f3e9458428e87d6eda87&chksm=bef926aa898eafbce39b9b4c628d99dca862639b54a8efc4774ab2876f22e9eb1d7eb5d7f99e#rd
410,阿尔巴尼斯：期待会见所罗门群岛总理 希望与太平洋地区建立良好关系,【南太之声编译报道】澳大利亚总理阿尔巴尼斯（Anthony Albanese）7日表示，他仍然期待着下个月在堪培拉接待所罗门群岛总理索加瓦雷（Manasseh Sogavare），尽管他最近对澳大利亚政府进行了抨击。6日，索加瓦雷称，阿尔巴尼斯政府为这个太平洋国家即将举行的选举提供补贴，是“外国政府对我们国内事务的直接干涉”。澳大利亚《悉尼晨锋报》报道，在宣布政府将推动低价药品的新闻发布会上，阿尔巴尼斯表示:“我们希望与太平洋国家建立良好关系。我非常期待接待索加瓦雷总理。当涉及到我们地区之间的接触时，我们会将一切推向正轨。这就是最大的区别。前任政府在这方面做出了不好的示范，我们都知道后果是什么。”阿尔巴尼斯还指出，他将在第13届橄榄球联赛上招待巴布亚新几内亚连任总理马拉佩（James Marape）。据悉，澳大利亚球员将于本月底在澳洲昆士兰州对阵巴布亚新几内亚国家队。（罗伊编译）,395,旅游,澳大利亚 所罗门群岛 巴布亚新几内亚,阿尔巴尼斯 总理 政府 澳大利亚 期待 ,太平洋地区计划（PacificIslandsForum）,2022.9.17,521,http://mp.weixin.qq.com/s?__biz=MjM5NjM1OTI1Nw==&mid=2649226087&idx=2&sn=7bf58acc4714561d7adaeb32aa0e2289&chksm=bef92651898eaf47e05d570fe2d1eaa4856958313aa1e47443018953da667c1fc103af675333#rd
419,瓦努阿图移民局长：正全力升级护照打印系统，处理积压申请,【南太之声编译报道】在局长马克森（Jeffrey Markson）的领导下，瓦努阿图移民和护照事务部近日正计划全新升级一款新的护照打印软件，预计将在未来6个月内投入使用。瓦努阿图《瓦国日报》9月3日报道，这是该部门为解决目前护照发放延迟问题所做出的部分努力。马克森说:“目前拖慢整个过程的问题是我们用于打印（护照）手册的软件。”该软件于2009年开始运作，根据该部门收集到的信息，软件系统目前无法升级。除了事务部为解决这一问题所做的工作外，一名高级官员威利（Stephen Willie）最近被任命为代理护照事务经理，专门负责和监督护照事宜。最近在斐济举行的太平洋移民局局长会议上，移民局局长确认已经向其他太平洋国家的同事提出了这个问题，并进一步寻求他们的许可，允许旅行者持身份证明（CI）通过边境。该证明是一种授权的旅行证件，允许个人通过与会（太平洋）国家边境。马克森重申，印刷机器工作正常，护照手册也有库存。他感谢政府资讯科技总监办公室（Office of the Government Chief Information Officer）的工作人员和信息技术官员协助该部门建立了一个临时系统，至少可以改善目前的状况。自今年7月以来，约积压了900本护照手册。马克森证实，这个问题极大地影响了护照申请的收入。该部门正尽力确保这项服务得以维持，市民须有耐心。他进一步呼吁民众，尤其是在社交媒体上，尊重护照办公室的工作人员，因为他们下班后通常不会花时间陪孩子，而是加班加点印制护照。（周晓编译）,647,旅游,瓦努阿图  ,护照 问题 局长 马克森 软件 ,太平洋移民局局长会议,2022.9.13,514,http://mp.weixin.qq.com/s?__biz=MjM5NjM1OTI1Nw==&mid=2649226140&idx=3&sn=2484f9c89a87d36f302733fbb21bc1bd&chksm=bef926aa898eafbcc19b69efad7dca3b1c0cb54a9a6283ee03fa892d0ebb221b885b49ffc734#rd
421,世界50佳岛屿名单出炉：太平洋地区岛屿都有哪些上榜？,【南太之声编译报道】国际旅游网站Big7travel近日列出了世界50佳岛屿，瓦努阿图圣埃斯皮里图岛（Espiritu Santo），又称桑托岛（Santo）排在第18位，该岛的蓝色海水和闪亮的沙滩照片非常漂亮。瓦努阿图《瓦国日报》2日报道，在今年的榜单中，桑托岛与新西兰的怀赫科岛（Waiheke Island）、马尔代夫、印度尼西亚的巴厘岛、澳大利亚的摩尔顿岛（Moreton Island）等地区一起跻身前20名。第一名是毛里求斯，第二名是牙买加，第三名是泰国的麦岛（Koh Mak），第四名是安圭拉（Anguilla），第五名是隶属于葡萄牙的马德拉群岛（Madeira）。Big Travel7介绍说，“桑托岛是瓦努阿图83个岛屿中最大的一个。它在很大程度上仍然保持着未受破坏的状态，有粉状的白沙和淡水蓝洞，周围是天然雨林。当你在飞机上看到这个地方的那一刻，你就会爱上它。”“作为世界上风景最优美的岛屿之一，这里有清澈的蓝色海水和闪闪发光的沙子。在香槟海滩，你还可以找到新鲜的水果摊、新鲜烹制的螃蟹和龙虾，以及可爱的海滨小屋。”桑托岛的香槟海滩经常被评为南太平洋和全球最好的海滩之一。2017年，它还曾被加拿大最大的在线旅游网站评为世界最佳海滩之一。Big Travel7网站表示，这份榜单是多样化的，名单中带有从热带沙洲到北欧海湾的各种特色，都是基于之前的社交媒体结果的综合评分，以及Big Travel7旅游编辑团队的贡献。该名单被认定为是一本度假指南。（周晓编译）,639,旅游,瓦努阿图 新西兰 马尔代夫 印度尼西亚 澳大利亚 毛里求斯 牙买加 泰国 安圭拉 葡萄牙 加拿大,岛屿 世界 桑托岛 海滩 名单 ,BigTravel7,2022.9.11,516,http://mp.weixin.qq.com/s?__biz=MjM5NjM1OTI1Nw==&mid=2649226140&idx=5&sn=86f4b88fd849a15f8ff027f7c9fcf405&chksm=bef926aa898eafbcb7d9a8eea089fe5e818ecfce1da5e9fc887e6a87c6c9e8bc32938ac476ce#rd
422,中瓦渔业公司总经理：瓦努阿图应增加渔船数量，以促进渔业营收,【南太之声编译报道】中瓦渔业有限公司（Sino-Van Fisheries Limited）总经理李先生（Jack Li）近日表示，如果瓦努阿图配备有必要的船舶维修基础设施，该国渔业将创造更大的利益价值。瓦努阿图《瓦国日报》9月2日报道，李先生说，由于缺乏包括滑道在内的基础设施，瓦努阿图不能接待大型船只。他说：“现在瓦努阿图只有6艘外国渔船在工作，还需要更多的船只。”他强调，如果有更多船只抵达瓦努阿图卸货，这个国家的渔业可能会产生更大的经济回报，这将为居民带来更多的就业机会，并为本地企业和市场供应商带来更多收入。但现在的问题是瓦努阿图没有造船厂或滑道。李说：“瓦努阿图目前没有滑道或船舶维修设施。因此，如果其他船只到达这里并需要维修，这将是一个大问题。”李继续指出，“渔船抵达卸货时通常需要维护和维修备件。但这个时候，这里的船没有任何替换部件。不同的国家为不同的船只制造不同的发动机，零件也是如此。因此，我们必须从各地进口零件。因此，如果此时有更多的渔船抵达，他们要维修船只将是极其困难的。”李指出，斐济目前有200多艘渔船，而瓦努阿图只有6艘渔船。而斐济从渔业业务中获益良多，瓦努阿图也应该效仿。据了解，与中瓦渔业有限公司合作的中国水产总公司（China National Fisheries Corporation）是瓦努阿图6艘渔船的所有者。（周晓编译）,583,旅游,瓦努阿图 中国 ,瓦努阿图 渔业 渔船 船只 维修 ,中国水产总公司,2022.9.11,517,http://mp.weixin.qq.com/s?__biz=MjM5NjM1OTI1Nw==&mid=2649226140&idx=6&sn=bb17547da2e1f3e9458428e87d6eda87&chksm=bef926aa898eafbce39b9b4c628d99dca862639b54a8efc4774ab2876f22e9eb1d7eb5d7f99e#rd
426,阿尔巴尼斯：期待会见所罗门群岛总理 希望与太平洋地区建立良好关系,【南太之声编译报道】澳大利亚总理阿尔巴尼斯（Anthony Albanese）7日表示，他仍然期待着下个月在堪培拉接待所罗门群岛总理索加瓦雷（Manasseh Sogavare），尽管他最近对澳大利亚政府进行了抨击。6日，索加瓦雷称，阿尔巴尼斯政府为这个太平洋国家即将举行的选举提供补贴，是“外国政府对我们国内事务的直接干涉”。澳大利亚《悉尼晨锋报》报道，在宣布政府将推动低价药品的新闻发布会上，阿尔巴尼斯表示:“我们希望与太平洋国家建立良好关系。我非常期待接待索加瓦雷总理。当涉及到我们地区之间的接触时，我们会将一切推向正轨。这就是最大的区别。前任政府在这方面做出了不好的示范，我们都知道后果是什么。”阿尔巴尼斯还指出，他将在第13届橄榄球联赛上招待巴布亚新几内亚连任总理马拉佩（James Marape）。据悉，澳大利亚球员将于本月底在澳洲昆士兰州对阵巴布亚新几内亚国家队。（罗伊编译）,395,旅游,澳大利亚 所罗门群岛 巴布亚新几内亚,阿尔巴尼斯 总理 政府 澳大利亚 期待 ,太平洋地区计划（PacificIslandsForum）,2022.9.10,521,http://mp.weixin.qq.com/s?__biz=MjM5NjM1OTI1Nw==&mid=2649226087&idx=2&sn=7bf58acc4714561d7adaeb32aa0e2289&chksm=bef92651898eaf47e05d570fe2d1eaa4856958313aa1e47443018953da667c1fc103af675333#rd
